{"age": "35-44", "gender": "Female", "PANAS": {"\"Interested\"": 4, "\"Distressed\"": 2, "\"Excited\"": 3, "\"Upset\"": 2, "\"Strong\"": 3, "\"Guilty\"": 4, "\"Scared\"": 3, "\"Hostile\"": 2, "\"Enthusiastic\"": 2, "\"Proud\"": 2, "\"Irritable\"": 4, "\"Alert\"": 3, "\"Ashamed\"": 4, "\"Inspired\"": 4, "\"Nervous\"": 4, "\"Determined\"": 3, "\"Attentive\"": 4, "\"Jittery\"": 3, "\"Active\"": 3, "\"Afraid\"": 4}, "NA_score": 32, "PA_score": 31, "PHQ": {"\"Q0\"": 2, "\"Q1\"": 2, "\"Q2\"": 1, "\"Q3\"": 2, "\"Q0\"b": 1, "\"Q1\"b": 1, "\"Q2\"b": 1, "\"Q3\"b": 2}, "PHQ_score": 12, "GAD": {"\"Q0\"": 1, "\"Q1\"": 2, "\"Q2\"": 1, "\"Q3\"": 2, "\"Q0\"b": 2, "\"Q1\"b": 3, "\"Q2\"b": 2}, "GAD_score": 13, "length": 324, "options": [3, 2, 1, 0, 1, 3, 1, 0, 2, 1, 0, 1, 1, 1, 1, 1, 1, 1, 1, 1, 1, 2, 3, 3, 0, 0, 0, 3, 3, 2, 0, 0, 3, 1, 1, 1, 3, 3, 0, 2, 1, 1, 0, 1, 1, 1, 1, 1, 1, 1, 1, 3, 1, 1, 1, 1, 1, 0, 3, 3, 3, 3, 3, 3, 2, 1, 3, 3, 3, 3, 2, 0, 2, 2, 2, 2, 2, 2, 2, 2, 2, 2, 2, 2, 2, 2, 2, 2, 2, 2, 1, 2, 2, 2, 2, 2, 2, 2, 2, 2, 2, 2, 2, 2, 2, 2, 1, 2, 2, 2, 2, 2, 2, 2, 2, 2, 2, 2, 2, 2, 2, 2, 2, 2, 2, 2, 2, 2, 2, 2, 2, 2, 2, 2, 2, 2, 2, 2, 2, 2, 2, 2, 1, 2, 2, 2, 2, 2, 2, 2], "penalties": [0, 50, 0, 0, 0, 0, 0, 250, 0, 0, 250, 0, 0, 0, 0, 0, 0, 0, 0, 0, 1250, 50, 0, 0, 0, 0, 0, 0, 0, 50, 0, 250, 0, 0, 0, 0, 0, 0, 250, 50, 0, 1250, 250, 0, 0, 0, 0, 1250, 0, 0, 0, 0, 0, 1250, 0, 0, 0, 250, 0, 0, 0, 0, 0, 0, 50, 0, 0, 0, 0, 250, 0, 250, 50, 0, 0, 0, 0, 50, 0, 50, 0, 0, 0, 0, 0, 0, 0, 50, 0, 0, 0, 0, 0, 50, 50, 50, 50, 0, 0, 50, 50, 0, 50, 50, 50, 50, 0, 0, 50, 50, 0, 0, 50, 50, 50, 0, 0, 50, 0, 0, 50, 0, 0, 50, 50, 50, 0, 50, 50, 50, 0, 0, 0, 50, 50, 0, 0, 0, 0, 50, 50, 0, 0, 50, 0, 50, 0, 50, 0, 0], "rewards": [50, 50, 100, 100, 100, 50, 100, 100, 50, 100, 100, 100, 100, 100, 100, 100, 100, 100, 100, 100, 100, 50, 50, 50, 100, 100, 100, 50, 50, 50, 100, 100, 50, 100, 100, 100, 50, 50, 100, 50, 100, 100, 100, 100, 100, 100, 100, 100, 100, 100, 100, 50, 100, 100, 100, 100, 100, 100, 50, 50, 50, 50, 50, 50, 50, 100, 50, 50, 50, 50, 50, 100, 50, 50, 50, 50, 50, 50, 50, 50, 50, 50, 50, 50, 50, 50, 50, 50, 50, 50, 100, 50, 50, 50, 50, 50, 50, 50, 50, 50, 50, 50, 50, 50, 50, 50, 100, 50, 50, 50, 50, 50, 50, 50, 50, 50, 50, 50, 50, 50, 50, 50, 50, 50, 50, 50, 50, 50, 50, 50, 50, 50, 50, 50, 50, 50, 50, 50, 50, 50, 50, 50, 100, 50, 50, 50, 50, 50, 50, 50], "pvl_likelihood": 207.92444607277184, "pvl_w": 0.0, "pvl_a": 0.0, "pvl_c": 0.00025, "pvl_shape": 0.0, "evpu_likelihood": 207.1844476756977, "evpu_w": 0.0, "evpu_a": 0.00025, "evpu_c": 0.0, "evpu_shape": 0.0, "vse_likelihood": 122.03647720363901, "vse_delta": 0.8063050285684896, "vse_alpha": 0.20852763223485762, "vse_phi": 0.13370154545993784, "vse_c": 0.2956281018294199, "vse_theta": 0.2387676313455747}