{"age": "18-25", "gender": "Male", "PANAS": {"\"Interested\"": 1, "\"Distressed\"": 2, "\"Excited\"": 1, "\"Upset\"": 2, "\"Strong\"": 1, "\"Guilty\"": 2, "\"Scared\"": 2, "\"Hostile\"": 3, "\"Enthusiastic\"": 2, "\"Proud\"": 1, "\"Irritable\"": 4, "\"Alert\"": 1, "\"Ashamed\"": 1, "\"Inspired\"": 1, "\"Nervous\"": 3, "\"Determined\"": 1, "\"Attentive\"": 1, "\"Jittery\"": 2, "\"Active\"": 1, "\"Afraid\"": 1}, "NA_score": 22, "PA_score": 11, "PHQ": {"\"Q0\"": 3, "\"Q1\"": 2, "\"Q2\"": 0, "\"Q3\"": 1, "\"Q0\"b": 0, "\"Q1\"b": 2, "\"Q2\"b": 3, "\"Q3\"b": 0}, "PHQ_score": 11, "GAD": {"\"Q0\"": 1, "\"Q1\"": 2, "\"Q2\"": 1, "\"Q3\"": 2, "\"Q0\"b": 0, "\"Q1\"b": 2, "\"Q2\"b": 1}, "GAD_score": 9, "length": 324, "options": [1, 3, 0, 1, 2, 3, 1, 0, 2, 2, 1, 1, 3, 0, 0, 2, 3, 3, 1, 1, 2, 2, 0, 0, 1, 1, 3, 3, 2, 2, 1, 0, 0, 3, 3, 2, 2, 2, 3, 3, 3, 3, 3, 3, 3, 3, 3, 3, 3, 3, 3, 3, 3, 3, 0, 0, 2, 2, 3, 2, 0, 0, 2, 2, 2, 2, 2, 2, 3, 3, 3, 3, 2, 3, 3, 3, 2, 2, 3, 2, 2, 2, 3, 3, 3, 3, 3, 2, 2, 2, 3, 3, 3, 3, 3, 2, 2, 2, 2, 2, 3, 3, 3, 3, 3, 2, 2, 2, 2, 2, 3, 3, 3, 3, 3, 2, 2, 2, 2, 2, 3, 3, 3, 3, 3, 2, 2, 2, 2, 2, 3, 3, 3, 3, 3, 2, 2, 2, 2, 2, 3, 3, 2, 2, 2, 2, 2, 2, 2, 2], "penalties": [1250, 0, 250, 0, 0, 0, 0, 250, 0, 0, 0, 0, 0, 250, 250, 50, 0, 0, 0, 0, 0, 50, 0, 250, 0, 0, 0, 0, 0, 50, 1250, 0, 250, 0, 0, 0, 0, 50, 0, 0, 0, 0, 0, 0, 0, 0, 0, 0, 0, 0, 0, 0, 0, 250, 0, 250, 0, 50, 250, 50, 0, 250, 50, 50, 0, 50, 50, 50, 0, 0, 0, 0, 0, 0, 0, 0, 0, 50, 250, 0, 50, 50, 0, 0, 0, 0, 0, 0, 0, 50, 0, 0, 0, 0, 0, 50, 0, 0, 50, 0, 0, 0, 0, 0, 0, 50, 50, 50, 0, 0, 0, 0, 0, 0, 0, 0, 50, 0, 50, 50, 0, 0, 0, 0, 0, 0, 50, 50, 50, 0, 0, 0, 0, 0, 0, 0, 50, 50, 50, 0, 0, 250, 0, 0, 50, 0, 50, 50, 0, 50], "rewards": [100, 50, 100, 100, 50, 50, 100, 100, 50, 50, 100, 100, 50, 100, 100, 50, 50, 50, 100, 100, 50, 50, 100, 100, 100, 100, 50, 50, 50, 50, 100, 100, 100, 50, 50, 50, 50, 50, 50, 50, 50, 50, 50, 50, 50, 50, 50, 50, 50, 50, 50, 50, 50, 50, 100, 100, 50, 50, 50, 50, 100, 100, 50, 50, 50, 50, 50, 50, 50, 50, 50, 50, 50, 50, 50, 50, 50, 50, 50, 50, 50, 50, 50, 50, 50, 50, 50, 50, 50, 50, 50, 50, 50, 50, 50, 50, 50, 50, 50, 50, 50, 50, 50, 50, 50, 50, 50, 50, 50, 50, 50, 50, 50, 50, 50, 50, 50, 50, 50, 50, 50, 50, 50, 50, 50, 50, 50, 50, 50, 50, 50, 50, 50, 50, 50, 50, 50, 50, 50, 50, 50, 50, 50, 50, 50, 50, 50, 50, 50, 50], "pvl_likelihood": 151.13101988737245, "pvl_w": 0.3411635888625637, "pvl_a": 1.4053787635814232e-06, "pvl_c": 0.6453413662081184, "pvl_shape": 0.18741704910536733, "evpu_likelihood": 207.02337060623353, "evpu_w": 0.0, "evpu_a": 0.00025, "evpu_c": 0.0, "evpu_shape": 0.0, "vse_likelihood": 140.37110773237822, "vse_delta": 1.5836581729882388e-08, "vse_alpha": 0.043640117189756744, "vse_phi": -0.7591804578945649, "vse_c": 0.5612436636916414, "vse_theta": 0.2315958406122823}