{"age": "35-44", "gender": "Male", "PANAS": {"\"Interested\"": 3, "\"Distressed\"": 2, "\"Excited\"": 3, "\"Upset\"": 2, "\"Strong\"": 1, "\"Guilty\"": 1, "\"Scared\"": 2, "\"Hostile\"": 2, "\"Enthusiastic\"": 1, "\"Proud\"": 3, "\"Irritable\"": 3, "\"Alert\"": 2, "\"Ashamed\"": 1, "\"Inspired\"": 1, "\"Nervous\"": 3, "\"Determined\"": 2, "\"Attentive\"": 4, "\"Jittery\"": 2, "\"Active\"": 2, "\"Afraid\"": 2}, "NA_score": 20, "PA_score": 22, "PHQ": {"\"Q0\"": 1, "\"Q1\"": 1, "\"Q2\"": 2, "\"Q3\"": 2, "\"Q0\"b": 0, "\"Q1\"b": 1, "\"Q2\"b": 1, "\"Q3\"b": 0}, "PHQ_score": 8, "GAD": {"\"Q0\"": 1, "\"Q1\"": 1, "\"Q2\"": 2, "\"Q3\"": 2, "\"Q0\"b": 0, "\"Q1\"b": 1, "\"Q2\"b": 1}, "GAD_score": 8, "length": 324, "options": [0, 3, 3, 2, 2, 1, 1, 0, 2, 2, 3, 1, 1, 0, 2, 3, 1, 2, 2, 0, 2, 2, 1, 1, 3, 0, 1, 2, 3, 1, 0, 2, 2, 1, 3, 3, 2, 1, 1, 0, 1, 2, 3, 1, 2, 0, 1, 1, 1, 1, 1, 1, 1, 1, 1, 1, 1, 1, 1, 2, 3, 0, 2, 1, 1, 1, 1, 1, 1, 0, 1, 1, 1, 1, 1, 2, 1, 1, 1, 1, 1, 2, 1, 2, 2, 2, 2, 2, 1, 1, 1, 1, 1, 3, 1, 1, 1, 1, 1, 0, 1, 1, 1, 1, 1, 2, 1, 1, 1, 1, 3, 1, 1, 0, 1, 1, 1, 1, 1, 2, 1, 1, 1, 1, 1, 1, 1, 1, 3, 1, 1, 1, 1, 0, 1, 1, 1, 1, 2, 1, 1, 1, 1, 3, 1, 1, 1, 1, 0, 1], "penalties": [250, 0, 0, 0, 50, 1250, 0, 250, 0, 0, 0, 0, 0, 250, 50, 0, 0, 0, 0, 250, 50, 50, 0, 1250, 0, 250, 0, 0, 0, 0, 0, 50, 0, 1250, 0, 0, 50, 0, 0, 250, 0, 0, 0, 0, 50, 250, 0, 0, 0, 0, 0, 0, 0, 0, 0, 0, 0, 0, 1250, 50, 0, 250, 50, 0, 0, 0, 0, 0, 0, 250, 0, 0, 0, 0, 0, 50, 0, 0, 0, 0, 0, 50, 1250, 0, 0, 0, 0, 0, 0, 0, 0, 0, 0, 0, 0, 0, 0, 0, 0, 250, 0, 0, 0, 0, 0, 50, 0, 0, 0, 0, 0, 0, 1250, 0, 0, 0, 0, 0, 0, 0, 0, 0, 0, 1250, 0, 0, 0, 0, 0, 0, 0, 0, 0, 250, 0, 0, 0, 0, 0, 0, 0, 0, 0, 0, 0, 1250, 0, 0, 0, 0], "rewards": [100, 50, 50, 50, 50, 100, 100, 100, 50, 50, 50, 100, 100, 100, 50, 50, 100, 50, 50, 100, 50, 50, 100, 100, 50, 100, 100, 50, 50, 100, 100, 50, 50, 100, 50, 50, 50, 100, 100, 100, 100, 50, 50, 100, 50, 100, 100, 100, 100, 100, 100, 100, 100, 100, 100, 100, 100, 100, 100, 50, 50, 100, 50, 100, 100, 100, 100, 100, 100, 100, 100, 100, 100, 100, 100, 50, 100, 100, 100, 100, 100, 50, 100, 50, 50, 50, 50, 50, 100, 100, 100, 100, 100, 50, 100, 100, 100, 100, 100, 100, 100, 100, 100, 100, 100, 50, 100, 100, 100, 100, 50, 100, 100, 100, 100, 100, 100, 100, 100, 50, 100, 100, 100, 100, 100, 100, 100, 100, 50, 100, 100, 100, 100, 100, 100, 100, 100, 100, 50, 100, 100, 100, 100, 50, 100, 100, 100, 100, 100, 100], "pvl_likelihood": 148.31629132353254, "pvl_w": 0.8255592935719246, "pvl_a": 0.9072960736826764, "pvl_c": 0.07387392796165962, "pvl_shape": 0.3066868993638166, "evpu_likelihood": 200.21821519763992, "evpu_w": 2.092596668093966e-07, "evpu_a": 0.023868508781729525, "evpu_c": -0.036057846960479686, "evpu_shape": 0.0161389471809139, "vse_likelihood": 148.9507484134827, "vse_delta": 0.922190067121524, "vse_alpha": 0.11120664845564929, "vse_phi": -0.04087872748307675, "vse_c": 0.09441976354644313, "vse_theta": 0.20717229055739247}