{"age": "25-34", "gender": "Female", "PANAS": {"\"Interested\"": 4, "\"Distressed\"": 3, "\"Excited\"": 3, "\"Upset\"": 3, "\"Strong\"": 4, "\"Guilty\"": 1, "\"Scared\"": 2, "\"Hostile\"": 2, "\"Enthusiastic\"": 4, "\"Proud\"": 4, "\"Irritable\"": 3, "\"Alert\"": 3, "\"Ashamed\"": 1, "\"Inspired\"": 4, "\"Nervous\"": 3, "\"Determined\"": 4, "\"Attentive\"": 5, "\"Jittery\"": 2, "\"Active\"": 3, "\"Afraid\"": 3}, "NA_score": 23, "PA_score": 38, "PHQ": {"\"Q0\"": 1, "\"Q1\"": 1, "\"Q2\"": 2, "\"Q3\"": 2, "\"Q0\"b": 0, "\"Q1\"b": 1, "\"Q2\"b": 1, "\"Q3\"b": 0}, "PHQ_score": 8, "GAD": {"\"Q0\"": 1, "\"Q1\"": 1, "\"Q2\"": 1, "\"Q3\"": 2, "\"Q0\"b": 1, "\"Q1\"b": 1, "\"Q2\"b": 1}, "GAD_score": 8, "length": 324, "options": [0, 1, 1, 0, 1, 2, 3, 1, 1, 1, 1, 1, 1, 1, 1, 0, 0, 0, 1, 0, 2, 2, 2, 1, 0, 3, 3, 2, 2, 2, 3, 3, 3, 2, 2, 1, 1, 1, 0, 0, 1, 1, 1, 1, 1, 1, 1, 1, 1, 1, 1, 0, 0, 2, 3, 0, 1, 2, 3, 3, 3, 1, 1, 1, 1, 1, 1, 1, 1, 1, 1, 1, 1, 0, 0, 0, 0, 0, 0, 0, 1, 1, 1, 1, 1, 1, 1, 1, 1, 1, 1, 1, 1, 1, 1, 1, 1, 1, 1, 1, 1, 1, 1, 1, 1, 1, 1, 1, 1, 1, 0, 0, 0, 0, 0, 1, 1, 1, 1, 1, 1, 1, 1, 1, 1, 1, 1, 1, 1, 0, 2, 3, 3, 3, 0, 1, 2, 2, 2, 2, 2, 2, 2, 2, 2, 2, 2, 2, 2, 2], "penalties": [250, 0, 0, 250, 0, 50, 0, 0, 0, 0, 0, 1250, 0, 0, 0, 0, 0, 0, 0, 250, 0, 0, 0, 0, 0, 0, 0, 0, 50, 50, 0, 0, 250, 0, 50, 0, 0, 0, 0, 250, 0, 1250, 0, 0, 0, 0, 0, 0, 0, 0, 1250, 0, 250, 50, 250, 0, 1250, 50, 0, 0, 250, 0, 0, 0, 0, 0, 0, 1250, 0, 0, 0, 0, 0, 250, 0, 250, 250, 250, 0, 250, 0, 0, 0, 0, 0, 0, 0, 0, 0, 0, 0, 0, 0, 0, 0, 0, 0, 0, 0, 0, 0, 0, 0, 0, 0, 0, 0, 0, 1250, 1250, 250, 0, 0, 0, 250, 0, 0, 0, 0, 0, 0, 0, 0, 0, 0, 0, 0, 0, 1250, 250, 50, 0, 0, 250, 250, 1250, 0, 0, 0, 50, 50, 0, 50, 50, 50, 0, 50, 50, 50, 50], "rewards": [100, 100, 100, 100, 100, 50, 50, 100, 100, 100, 100, 100, 100, 100, 100, 100, 100, 100, 100, 100, 50, 50, 50, 100, 100, 50, 50, 50, 50, 50, 50, 50, 50, 50, 50, 100, 100, 100, 100, 100, 100, 100, 100, 100, 100, 100, 100, 100, 100, 100, 100, 100, 100, 50, 50, 100, 100, 50, 50, 50, 50, 100, 100, 100, 100, 100, 100, 100, 100, 100, 100, 100, 100, 100, 100, 100, 100, 100, 100, 100, 100, 100, 100, 100, 100, 100, 100, 100, 100, 100, 100, 100, 100, 100, 100, 100, 100, 100, 100, 100, 100, 100, 100, 100, 100, 100, 100, 100, 100, 100, 100, 100, 100, 100, 100, 100, 100, 100, 100, 100, 100, 100, 100, 100, 100, 100, 100, 100, 100, 100, 50, 50, 50, 50, 100, 100, 50, 50, 50, 50, 50, 50, 50, 50, 50, 50, 50, 50, 50, 50], "pvl_likelihood": 110.19136619850468, "pvl_w": 1.0479073800645132e-07, "pvl_a": 0.26931961614678546, "pvl_c": 0.5600261978155082, "pvl_shape": 0.24719033735750068, "evpu_likelihood": 139.48930777348048, "evpu_w": 0.155355866625436, "evpu_a": 0.914529295392527, "evpu_c": 0.09408727138464706, "evpu_shape": 0.22637175776165436, "vse_likelihood": 109.03507431389032, "vse_delta": 0.3187059676566707, "vse_alpha": 4.744768838658917e-08, "vse_phi": 1.3236539623458587, "vse_c": 0.9973236218137103, "vse_theta": 0.055026330246357634}