{"age": "18-25", "gender": "Male", "PANAS": {"\"Interested\"": 2, "\"Distressed\"": 1, "\"Excited\"": 3, "\"Upset\"": 4, "\"Strong\"": 3, "\"Guilty\"": 2, "\"Scared\"": 4, "\"Hostile\"": 1, "\"Enthusiastic\"": 2, "\"Proud\"": 3, "\"Irritable\"": 4, "\"Alert\"": 1, "\"Ashamed\"": 4, "\"Inspired\"": 1, "\"Nervous\"": 4, "\"Determined\"": 3, "\"Attentive\"": 3, "\"Jittery\"": 4, "\"Active\"": 1, "\"Afraid\"": 4}, "NA_score": 32, "PA_score": 22, "PHQ": {"\"Q0\"": 1, "\"Q1\"": 3, "\"Q2\"": 3, "\"Q3\"": 2, "\"Q0\"b": 1, "\"Q1\"b": 3, "\"Q2\"b": 1, "\"Q3\"b": 2}, "PHQ_score": 16, "GAD": {"\"Q0\"": 2, "\"Q1\"": 2, "\"Q2\"": 3, "\"Q3\"": 2, "\"Q0\"b": 2, "\"Q1\"b": 2, "\"Q2\"b": 1}, "GAD_score": 14, "length": 324, "options": [3, 2, 1, 1, 1, 1, 2, 1, 0, 1, 1, 1, 2, 0, 0, 1, 2, 3, 1, 1, 2, 2, 1, 0, 1, 1, 2, 3, 1, 1, 0, 2, 1, 0, 2, 3, 1, 2, 1, 0, 2, 2, 2, 1, 3, 2, 1, 0, 2, 1, 2, 1, 3, 1, 1, 1, 2, 1, 3, 3, 3, 1, 1, 2, 1, 1, 2, 1, 0, 2, 2, 2, 2, 1, 3, 1, 2, 1, 1, 1, 2, 2, 0, 3, 2, 1, 2, 1, 2, 1, 2, 1, 1, 3, 3, 3, 2, 1, 1, 2, 2, 1, 1, 0, 0, 2, 2, 1, 1, 3, 2, 3, 3, 1, 1, 0, 2, 1, 1, 3, 3, 2, 2, 1, 1, 0, 0, 3, 3, 1, 1, 2, 2, 1, 1, 0, 3, 2, 2, 1, 1, 3, 3, 2, 0, 1, 1, 2, 2, 1], "penalties": [0, 0, 0, 0, 0, 0, 0, 0, 250, 0, 0, 1250, 50, 0, 250, 0, 50, 0, 0, 0, 0, 50, 0, 250, 0, 0, 0, 0, 0, 0, 250, 50, 0, 250, 0, 0, 0, 0, 0, 0, 0, 0, 0, 0, 0, 50, 1250, 250, 0, 0, 50, 0, 0, 0, 0, 0, 50, 0, 0, 0, 0, 0, 1250, 0, 0, 0, 0, 0, 250, 0, 0, 0, 0, 1250, 0, 0, 50, 0, 0, 1250, 0, 0, 0, 0, 0, 0, 50, 0, 0, 0, 50, 0, 0, 250, 250, 0, 0, 0, 0, 50, 50, 0, 0, 0, 0, 0, 0, 0, 0, 250, 0, 0, 0, 0, 0, 250, 50, 0, 0, 0, 0, 0, 50, 0, 0, 0, 0, 0, 0, 0, 0, 0, 50, 0, 0, 250, 0, 0, 50, 0, 0, 0, 0, 50, 250, 0, 0, 0, 0, 1250], "rewards": [50, 50, 100, 100, 100, 100, 50, 100, 100, 100, 100, 100, 50, 100, 100, 100, 50, 50, 100, 100, 50, 50, 100, 100, 100, 100, 50, 50, 100, 100, 100, 50, 100, 100, 50, 50, 100, 50, 100, 100, 50, 50, 50, 100, 50, 50, 100, 100, 50, 100, 50, 100, 50, 100, 100, 100, 50, 100, 50, 50, 50, 100, 100, 50, 100, 100, 50, 100, 100, 50, 50, 50, 50, 100, 50, 100, 50, 100, 100, 100, 50, 50, 100, 50, 50, 100, 50, 100, 50, 100, 50, 100, 100, 50, 50, 50, 50, 100, 100, 50, 50, 100, 100, 100, 100, 50, 50, 100, 100, 50, 50, 50, 50, 100, 100, 100, 50, 100, 100, 50, 50, 50, 50, 100, 100, 100, 100, 50, 50, 100, 100, 50, 50, 100, 100, 100, 50, 50, 50, 100, 100, 50, 50, 50, 100, 100, 100, 50, 50, 100], "pvl_likelihood": 201.24091769322504, "pvl_w": 0.08212189508503778, "pvl_a": 8.779282758309839e-09, "pvl_c": 0.36274811424238895, "pvl_shape": 0.0921907267640105, "evpu_likelihood": 205.78975083148742, "evpu_w": 0.0426268635959728, "evpu_a": 0.008926112870970542, "evpu_c": -0.09737686028597498, "evpu_shape": 1.603491708276039e-07, "vse_likelihood": 200.66568119398448, "vse_delta": 2.618915012110953e-07, "vse_alpha": 0.022350960528839572, "vse_phi": 0.4997867079677618, "vse_c": 0.3314165218905716, "vse_theta": 0.13553369818716693}