{"age": "18-25", "gender": "Female", "PANAS": {"\"Interested\"": 1, "\"Distressed\"": 3, "\"Excited\"": 2, "\"Upset\"": 3, "\"Strong\"": 2, "\"Guilty\"": 5, "\"Scared\"": 2, "\"Hostile\"": 1, "\"Enthusiastic\"": 1, "\"Proud\"": 2, "\"Irritable\"": 3, "\"Alert\"": 3, "\"Ashamed\"": 5, "\"Inspired\"": 2, "\"Nervous\"": 2, "\"Determined\"": 2, "\"Attentive\"": 3, "\"Jittery\"": 1, "\"Active\"": 2, "\"Afraid\"": 3}, "NA_score": 28, "PA_score": 20, "PHQ": {"\"Q0\"": 3, "\"Q1\"": 2, "\"Q2\"": 1, "\"Q3\"": 1, "\"Q0\"b": 1, "\"Q1\"b": 2, "\"Q2\"b": 2, "\"Q3\"b": 0}, "PHQ_score": 12, "GAD": {"\"Q0\"": 1, "\"Q1\"": 2, "\"Q2\"": 1, "\"Q3\"": 3, "\"Q0\"b": 2, "\"Q1\"b": 1, "\"Q2\"b": 1}, "GAD_score": 11, "length": 230, "options": [0, 1, 2, 3, 1, 1, 0, 3, 2, 1, 1, 0, 1, 1, 2, 3, 1, 0, 2, 3, 1, 0, 1, 0, 1, 2, 3, 1, 3, 0, 2, 1, 3, 0, 2, 1, 3, 0, 2, 1, 3, 1, 0, 1, 2, 1, 3, 2, 1, 3, 2, 1, 3, 0, 1, 2, 3, 1, 3, 2, 3, 1, 3, 1, 3, 1, 3, 1, 3, 1, 3, 1, 3, 1, 3, 1, 3, 1, 3, 1, 3, 1, 3, 1, 3, 0, 3, 1, 3, 0, 3, 0, 3, 0, 3, 0, 3, 1, 3, 0, 3, 3, 3], "penalties": [250, 0, 50, 0, 0, 1250, 0, 0, 50, 0, 0, 250, 0, 1250, 0, 0, 0, 0, 50, 0, 0, 0, 0, 250, 0, 0, 0, 0, 0, 0, 0, 0, 0, 250, 0, 0, 0, 250, 0, 0, 0, 0, 250, 0, 0, 0, 0, 0, 0, 0, 50, 0, 0, 250, 0, 50, 0, 0, 0, 50, 0, 0, 0, 0, 0, 0, 0, 0, 0, 0, 0, 0, 0, 0, 0, 0, 0, 1250, 0, 0, 0, 0, 0, 0, 0, 0, 0, 0, 0, 0, 0, 250, 0, 0, 0, 250, 0, 0, 0, 0, 0, 0, 0], "rewards": [100, 100, 50, 50, 100, 100, 100, 50, 50, 100, 100, 100, 100, 100, 50, 50, 100, 100, 50, 50, 100, 100, 100, 100, 100, 50, 50, 100, 50, 100, 50, 100, 50, 100, 50, 100, 50, 100, 50, 100, 50, 100, 100, 100, 50, 100, 50, 50, 100, 50, 50, 100, 50, 100, 100, 50, 50, 100, 50, 50, 50, 100, 50, 100, 50, 100, 50, 100, 50, 100, 50, 100, 50, 100, 50, 100, 50, 100, 50, 100, 50, 100, 50, 100, 50, 100, 50, 100, 50, 100, 50, 100, 50, 100, 50, 100, 50, 100, 50, 100, 50, 50, 50], "pvl_likelihood": 142.78831919534875, "pvl_w": 0.0, "pvl_a": 0.0, "pvl_c": 0.0, "pvl_shape": 0.0, "evpu_likelihood": 128.31751172335555, "evpu_w": 6.285297035878657e-08, "evpu_a": 0.11123986237583011, "evpu_c": -0.15692894593479723, "evpu_shape": 0.04443767275319879, "vse_likelihood": 142.78790718273927, "vse_delta": 0.0, "vse_alpha": 0.0, "vse_phi": 0.0, "vse_c": 0.00025, "vse_theta": 0.0}