{"age": "18-25", "gender": "Male", "PANAS": {"\"Interested\"": 3, "\"Distressed\"": 1, "\"Excited\"": 3, "\"Upset\"": 2, "\"Strong\"": 2, "\"Guilty\"": 1, "\"Scared\"": 1, "\"Hostile\"": 1, "\"Enthusiastic\"": 3, "\"Proud\"": 3, "\"Irritable\"": 2, "\"Alert\"": 2, "\"Ashamed\"": 1, "\"Inspired\"": 2, "\"Nervous\"": 2, "\"Determined\"": 2, "\"Attentive\"": 3, "\"Jittery\"": 1, "\"Active\"": 3, "\"Afraid\"": 1}, "NA_score": 13, "PA_score": 26, "PHQ": {"\"Q0\"": 0, "\"Q1\"": 0, "\"Q2\"": 1, "\"Q3\"": 0, "\"Q0\"b": 0, "\"Q1\"b": 0, "\"Q2\"b": 0, "\"Q3\"b": 0}, "PHQ_score": 1, "GAD": {"\"Q0\"": 0, "\"Q1\"": 0, "\"Q2\"": 0, "\"Q3\"": 0, "\"Q0\"b": 0, "\"Q1\"b": 0, "\"Q2\"b": 1}, "GAD_score": 1, "length": 96, "options": [1, 1, 0, 1, 3, 3, 2, 0, 0, 1, 1, 1, 1, 2, 2, 1, 2, 1, 0, 1, 1, 1, 1, 1, 1, 1, 1, 1, 1, 1, 1, 1, 1, 1, 1, 1], "penalties": [0, 0, 0, 0, 0, 0, 0, 0, 250, 0, 0, 0, 0, 0, 50, 1250, 0, 0, 250, 0, 0, 0, 0, 0, 0, 0, 0, 0, 0, 0, 0, 0, 0, 0, 0, 0], "rewards": [100, 100, 100, 100, 50, 50, 50, 100, 100, 100, 100, 100, 100, 50, 50, 100, 50, 100, 100, 100, 100, 100, 100, 100, 100, 100, 100, 100, 100, 100, 100, 100, 100, 100, 100, 100], "pvl_likelihood": 27.93886506080173, "pvl_w": 0.5271812112971122, "pvl_a": 0.999999857501322, "pvl_c": 0.1955755528243518, "pvl_shape": 0.07981168750929593, "evpu_likelihood": 28.128272016493263, "evpu_w": 0.009976925135964505, "evpu_a": 0.005711130391452648, "evpu_c": 1.4754216216402969, "evpu_shape": 1.529944001670521, "vse_likelihood": 30.66478387121195, "vse_delta": 0.12223508422014973, "vse_alpha": 9.979803842217325e-08, "vse_phi": -0.14565860802874225, "vse_c": 0.47762392519475594, "vse_theta": 0.26302185077092555}