{"age": "25-34", "gender": "Female", "PANAS": {"\"Interested\"": 3, "\"Distressed\"": 4, "\"Excited\"": 1, "\"Upset\"": 4, "\"Strong\"": 1, "\"Guilty\"": 4, "\"Scared\"": 4, "\"Hostile\"": 2, "\"Enthusiastic\"": 1, "\"Proud\"": 1, "\"Irritable\"": 4, "\"Alert\"": 3, "\"Ashamed\"": 4, "\"Inspired\"": 1, "\"Nervous\"": 4, "\"Determined\"": 2, "\"Attentive\"": 3, "\"Jittery\"": 4, "\"Active\"": 3, "\"Afraid\"": 4}, "NA_score": 38, "PA_score": 19, "PHQ": {"\"Q0\"": 1, "\"Q1\"": 1, "\"Q2\"": 0, "\"Q3\"": 2, "\"Q0\"b": 1, "\"Q1\"b": 2, "\"Q2\"b": 2, "\"Q3\"b": 2}, "PHQ_score": 11, "GAD": {"\"Q0\"": 2, "\"Q1\"": 3, "\"Q2\"": 3, "\"Q3\"": 2, "\"Q0\"b": 2, "\"Q1\"b": 2, "\"Q2\"b": 2}, "GAD_score": 16, "length": 234, "options": [2, 3, 2, 1, 1, 0, 3, 1, 2, 2, 1, 1, 1, 1, 3, 1, 1, 1, 2, 1, 0, 1, 3, 2, 1, 1, 1, 1, 3, 1, 1, 1, 1, 1, 1, 0, 2, 2, 1, 1, 1, 2, 1, 3, 3, 1, 1, 1, 1, 1, 1, 2, 0, 0, 1, 1, 1, 1, 1, 2, 1, 2, 1, 0, 0, 1, 1, 1, 1, 1, 1, 1, 1, 2, 1, 2, 2, 2, 3, 1, 0, 3, 1, 1, 2, 1, 1, 1, 1, 1, 1, 3, 2, 3, 1, 1, 2, 1, 1, 3, 3, 3, 1, 1, 1], "penalties": [0, 0, 0, 0, 0, 250, 0, 0, 0, 0, 0, 0, 0, 0, 250, 0, 0, 0, 50, 0, 250, 1250, 0, 50, 0, 0, 0, 0, 250, 0, 0, 0, 0, 0, 0, 250, 0, 50, 0, 0, 0, 50, 0, 0, 0, 0, 0, 0, 0, 1250, 1250, 0, 0, 250, 0, 0, 0, 0, 0, 0, 0, 50, 0, 0, 250, 0, 0, 0, 0, 0, 0, 0, 0, 0, 1250, 0, 0, 0, 0, 0, 250, 0, 0, 0, 0, 0, 0, 0, 0, 0, 0, 0, 0, 0, 0, 0, 50, 0, 0, 0, 0, 0, 0, 0, 0], "rewards": [50, 50, 50, 100, 100, 100, 50, 100, 50, 50, 100, 100, 100, 100, 50, 100, 100, 100, 50, 100, 100, 100, 50, 50, 100, 100, 100, 100, 50, 100, 100, 100, 100, 100, 100, 100, 50, 50, 100, 100, 100, 50, 100, 50, 50, 100, 100, 100, 100, 100, 100, 50, 100, 100, 100, 100, 100, 100, 100, 50, 100, 50, 100, 100, 100, 100, 100, 100, 100, 100, 100, 100, 100, 50, 100, 50, 50, 50, 50, 100, 100, 50, 100, 100, 50, 100, 100, 100, 100, 100, 100, 50, 50, 50, 100, 100, 50, 100, 100, 50, 50, 50, 100, 100, 100], "pvl_likelihood": 114.45603375668112, "pvl_w": 0.33123608972229623, "pvl_a": 0.9366713784941688, "pvl_c": 0.003506349779319768, "pvl_shape": 0.9207888605218647, "evpu_likelihood": 108.86005486439674, "evpu_w": 3.352777703653873e-11, "evpu_a": 0.6809418409825185, "evpu_c": 2.0460539789316847, "evpu_shape": 1.2287334572671726, "vse_likelihood": 115.44239538966372, "vse_delta": 0.8926762124741251, "vse_alpha": 0.009072050118630295, "vse_phi": -0.05665378813057036, "vse_c": 0.15116409158170874, "vse_theta": 0.1459362029286982}