{"age": "18-25", "gender": "Male", "PANAS": {"\"Interested\"": 4, "\"Distressed\"": 2, "\"Excited\"": 5, "\"Upset\"": 5, "\"Strong\"": 2, "\"Guilty\"": 1, "\"Scared\"": 3, "\"Hostile\"": 1, "\"Enthusiastic\"": 4, "\"Proud\"": 5, "\"Irritable\"": 4, "\"Alert\"": 3, "\"Ashamed\"": 1, "\"Inspired\"": 4, "\"Nervous\"": 2, "\"Determined\"": 5, "\"Attentive\"": 4, "\"Jittery\"": 2, "\"Active\"": 5, "\"Afraid\"": 2}, "NA_score": 23, "PA_score": 41, "PHQ": {"\"Q0\"": 0, "\"Q1\"": 1, "\"Q2\"": 2, "\"Q3\"": 1, "\"Q0\"b": 0, "\"Q1\"b": 0, "\"Q2\"b": 1, "\"Q3\"b": 0}, "PHQ_score": 5, "GAD": {"\"Q0\"": 1, "\"Q1\"": 1, "\"Q2\"": 1, "\"Q3\"": 0, "\"Q0\"b": 0, "\"Q1\"b": 1, "\"Q2\"b": 1}, "GAD_score": 5, "length": 324, "options": [1, 1, 1, 1, 2, 1, 1, 1, 1, 1, 1, 1, 2, 1, 1, 0, 1, 1, 0, 2, 3, 3, 1, 1, 1, 1, 1, 1, 1, 1, 2, 0, 0, 0, 1, 1, 0, 1, 3, 1, 1, 1, 1, 1, 3, 1, 1, 2, 2, 3, 0, 1, 1, 1, 2, 3, 3, 2, 3, 3, 3, 1, 1, 0, 2, 1, 2, 3, 2, 1, 1, 1, 1, 1, 1, 1, 1, 1, 1, 1, 1, 1, 1, 1, 1, 1, 1, 1, 1, 1, 1, 1, 1, 0, 0, 0, 1, 1, 1, 0, 1, 1, 1, 0, 0, 1, 1, 1, 1, 1, 3, 2, 1, 0, 2, 3, 1, 1, 1, 2, 1, 1, 0, 1, 1, 1, 1, 3, 3, 1, 1, 1, 3, 3, 1, 1, 1, 2, 1, 1, 1, 0, 3, 1, 1, 2, 3, 2, 1, 0], "penalties": [0, 0, 0, 0, 0, 0, 0, 0, 0, 0, 0, 0, 50, 0, 1250, 0, 0, 1250, 250, 50, 0, 0, 0, 0, 0, 0, 0, 0, 0, 1250, 50, 0, 0, 0, 0, 0, 250, 0, 0, 0, 0, 0, 0, 0, 0, 1250, 1250, 0, 50, 0, 250, 1250, 0, 1250, 0, 0, 0, 50, 0, 0, 0, 0, 0, 250, 0, 1250, 0, 0, 50, 0, 0, 0, 0, 0, 0, 0, 0, 0, 0, 0, 0, 0, 0, 0, 0, 1250, 0, 0, 0, 0, 0, 0, 0, 0, 0, 250, 0, 0, 0, 0, 0, 0, 0, 0, 250, 0, 1250, 0, 0, 0, 0, 0, 0, 0, 50, 250, 0, 0, 0, 0, 0, 0, 250, 0, 0, 0, 0, 0, 0, 0, 0, 0, 0, 0, 0, 0, 1250, 50, 0, 0, 0, 250, 0, 0, 0, 0, 0, 0, 0, 0], "rewards": [100, 100, 100, 100, 50, 100, 100, 100, 100, 100, 100, 100, 50, 100, 100, 100, 100, 100, 100, 50, 50, 50, 100, 100, 100, 100, 100, 100, 100, 100, 50, 100, 100, 100, 100, 100, 100, 100, 50, 100, 100, 100, 100, 100, 50, 100, 100, 50, 50, 50, 100, 100, 100, 100, 50, 50, 50, 50, 50, 50, 50, 100, 100, 100, 50, 100, 50, 50, 50, 100, 100, 100, 100, 100, 100, 100, 100, 100, 100, 100, 100, 100, 100, 100, 100, 100, 100, 100, 100, 100, 100, 100, 100, 100, 100, 100, 100, 100, 100, 100, 100, 100, 100, 100, 100, 100, 100, 100, 100, 100, 50, 50, 100, 100, 50, 50, 100, 100, 100, 50, 100, 100, 100, 100, 100, 100, 100, 50, 50, 100, 100, 100, 50, 50, 100, 100, 100, 50, 100, 100, 100, 100, 50, 100, 100, 50, 50, 50, 100, 100], "pvl_likelihood": 151.01267551989127, "pvl_w": 0.8818631553262202, "pvl_a": 0.7741223705560786, "pvl_c": 0.38269411432509326, "pvl_shape": 0.08071517531380437, "evpu_likelihood": 161.20259346032566, "evpu_w": 2.9949727034838296e-08, "evpu_a": 0.8878661727790238, "evpu_c": 0.4318734082830665, "evpu_shape": 0.39733876715759486, "vse_likelihood": 151.6952753462608, "vse_delta": 0.7768438658269439, "vse_alpha": 9.798726227536418e-08, "vse_phi": -1.0712369939132258, "vse_c": 0.19622904697277455, "vse_theta": 0.25158310723363975}