{"age": "18-25", "gender": "Female", "PANAS": {"\"Interested\"": 4, "\"Distressed\"": 3, "\"Excited\"": 4, "\"Upset\"": 2, "\"Strong\"": 4, "\"Guilty\"": 1, "\"Scared\"": 2, "\"Hostile\"": 3, "\"Enthusiastic\"": 4, "\"Proud\"": 5, "\"Irritable\"": 4, "\"Alert\"": 1, "\"Ashamed\"": 1, "\"Inspired\"": 2, "\"Nervous\"": 4, "\"Determined\"": 4, "\"Attentive\"": 4, "\"Jittery\"": 1, "\"Active\"": 4, "\"Afraid\"": 2}, "NA_score": 23, "PA_score": 36, "PHQ": {"\"Q0\"": 1, "\"Q1\"": 1, "\"Q2\"": 1, "\"Q3\"": 2, "\"Q0\"b": 2, "\"Q1\"b": 1, "\"Q2\"b": 1, "\"Q3\"b": 0}, "PHQ_score": 9, "GAD": {"\"Q0\"": 1, "\"Q1\"": 2, "\"Q2\"": 2, "\"Q3\"": 2, "\"Q0\"b": 1, "\"Q1\"b": 2, "\"Q2\"b": 0}, "GAD_score": 10, "length": 250, "options": [3, 3, 2, 2, 1, 3, 2, 0, 0, 3, 1, 1, 3, 3, 3, 1, 0, 0, 0, 2, 3, 3, 1, 1, 0, 0, 3, 3, 2, 2, 2, 2, 2, 2, 2, 1, 0, 0, 3, 3, 1, 2, 3, 0, 0, 0, 1, 2, 3, 3, 0, 0, 2, 2, 2, 2, 1, 1, 2, 2, 2, 2, 2, 1, 3, 2, 2, 2, 3, 1, 2, 2, 3, 1, 1, 0, 0, 2, 3, 3, 2, 2, 2, 2, 2, 1, 1, 1, 1, 2, 3, 3, 2, 2, 2, 2, 2, 2, 2, 3, 2, 2, 3, 3, 2, 2, 3, 2, 2, 2, 3, 2, 2], "penalties": [250, 0, 0, 0, 0, 0, 50, 0, 250, 0, 0, 1250, 0, 0, 0, 0, 0, 0, 250, 0, 250, 0, 0, 0, 0, 250, 0, 0, 0, 50, 0, 0, 50, 0, 0, 0, 0, 0, 0, 0, 0, 50, 0, 250, 0, 250, 0, 50, 0, 0, 0, 0, 50, 0, 0, 50, 0, 0, 50, 50, 50, 0, 0, 0, 0, 0, 50, 0, 0, 1250, 0, 0, 0, 0, 0, 250, 250, 0, 0, 0, 50, 0, 50, 0, 0, 0, 0, 0, 0, 0, 0, 0, 0, 50, 50, 50, 50, 50, 50, 0, 0, 50, 0, 0, 0, 50, 0, 50, 0, 50, 0, 0, 0], "rewards": [50, 50, 50, 50, 100, 50, 50, 100, 100, 50, 100, 100, 50, 50, 50, 100, 100, 100, 100, 50, 50, 50, 100, 100, 100, 100, 50, 50, 50, 50, 50, 50, 50, 50, 50, 100, 100, 100, 50, 50, 100, 50, 50, 100, 100, 100, 100, 50, 50, 50, 100, 100, 50, 50, 50, 50, 100, 100, 50, 50, 50, 50, 50, 100, 50, 50, 50, 50, 50, 100, 50, 50, 50, 100, 100, 100, 100, 50, 50, 50, 50, 50, 50, 50, 50, 100, 100, 100, 100, 50, 50, 50, 50, 50, 50, 50, 50, 50, 50, 50, 50, 50, 50, 50, 50, 50, 50, 50, 50, 50, 50, 50, 50], "pvl_likelihood": 156.6433661607529, "pvl_w": 0.0, "pvl_a": 0.0, "pvl_c": 0.00025, "pvl_shape": 0.0, "evpu_likelihood": 156.48916669332917, "evpu_w": 0.0, "evpu_a": 0.00025, "evpu_c": 0.0, "evpu_shape": 0.0, "vse_likelihood": 144.92691775723625, "vse_delta": 6.831100467730146e-07, "vse_alpha": 0.1432434046105745, "vse_phi": -0.43666963302001105, "vse_c": 0.29434567001393386, "vse_theta": 0.23784395474080733}