{"age": "18-25", "gender": "Female", "PANAS": {"\"Interested\"": 1, "\"Distressed\"": 1, "\"Excited\"": 1, "\"Upset\"": 5, "\"Strong\"": 1, "\"Guilty\"": 1, "\"Scared\"": 1, "\"Hostile\"": 5, "\"Enthusiastic\"": 1, "\"Proud\"": 1, "\"Irritable\"": 5, "\"Alert\"": 2, "\"Ashamed\"": 1, "\"Inspired\"": 1, "\"Nervous\"": 4, "\"Determined\"": 1, "\"Attentive\"": 1, "\"Jittery\"": 5, "\"Active\"": 1, "\"Afraid\"": 1}, "NA_score": 29, "PA_score": 11, "PHQ": {"\"Q0\"": 3, "\"Q1\"": 3, "\"Q2\"": 2, "\"Q3\"": 3, "\"Q0\"b": 1, "\"Q1\"b": 3, "\"Q2\"b": 3, "\"Q3\"b": 1}, "PHQ_score": 19, "GAD": {"\"Q0\"": 3, "\"Q1\"": 2, "\"Q2\"": 2, "\"Q3\"": 3, "\"Q0\"b": 2, "\"Q1\"b": 3, "\"Q2\"b": 2}, "GAD_score": 17, "length": 324, "options": [1, 2, 3, 3, 1, 1, 0, 1, 1, 1, 1, 1, 1, 1, 1, 1, 1, 1, 1, 1, 1, 1, 2, 3, 1, 1, 1, 3, 1, 1, 1, 1, 2, 1, 3, 3, 1, 1, 1, 1, 0, 0, 0, 0, 0, 0, 1, 3, 3, 3, 3, 1, 1, 1, 2, 1, 3, 3, 3, 3, 1, 1, 1, 3, 3, 3, 3, 2, 2, 3, 1, 1, 0, 0, 3, 1, 1, 2, 2, 2, 2, 2, 0, 3, 3, 1, 1, 1, 1, 1, 3, 3, 1, 1, 1, 2, 2, 1, 0, 1, 1, 1, 1, 1, 1, 3, 3, 2, 2, 1, 1, 3, 1, 0, 3, 1, 1, 1, 3, 3, 1, 1, 1, 2, 0, 0, 0, 1, 1, 3, 3, 1, 2, 1, 0, 2, 3, 3, 3, 1, 1, 0, 0, 0, 0, 1, 1, 1, 2, 1], "penalties": [0, 0, 0, 0, 0, 0, 250, 0, 0, 0, 0, 0, 0, 0, 0, 0, 0, 0, 1250, 0, 0, 0, 50, 0, 0, 0, 1250, 250, 0, 0, 1250, 0, 50, 0, 0, 250, 0, 0, 1250, 0, 0, 0, 0, 0, 250, 250, 1250, 0, 0, 0, 250, 0, 0, 0, 50, 0, 0, 0, 0, 0, 0, 0, 1250, 0, 0, 0, 0, 0, 0, 0, 0, 0, 0, 250, 250, 0, 1250, 50, 0, 0, 0, 50, 250, 0, 0, 0, 0, 0, 0, 0, 0, 0, 0, 0, 0, 0, 50, 0, 250, 0, 0, 0, 0, 0, 0, 0, 0, 0, 50, 0, 0, 0, 0, 250, 0, 0, 0, 0, 0, 250, 0, 0, 0, 0, 0, 0, 0, 0, 0, 0, 250, 0, 0, 0, 250, 50, 0, 0, 0, 0, 0, 0, 0, 0, 250, 0, 0, 0, 50, 0], "rewards": [100, 50, 50, 50, 100, 100, 100, 100, 100, 100, 100, 100, 100, 100, 100, 100, 100, 100, 100, 100, 100, 100, 50, 50, 100, 100, 100, 50, 100, 100, 100, 100, 50, 100, 50, 50, 100, 100, 100, 100, 100, 100, 100, 100, 100, 100, 100, 50, 50, 50, 50, 100, 100, 100, 50, 100, 50, 50, 50, 50, 100, 100, 100, 50, 50, 50, 50, 50, 50, 50, 100, 100, 100, 100, 50, 100, 100, 50, 50, 50, 50, 50, 100, 50, 50, 100, 100, 100, 100, 100, 50, 50, 100, 100, 100, 50, 50, 100, 100, 100, 100, 100, 100, 100, 100, 50, 50, 50, 50, 100, 100, 50, 100, 100, 50, 100, 100, 100, 50, 50, 100, 100, 100, 50, 100, 100, 100, 100, 100, 50, 50, 100, 50, 100, 100, 50, 50, 50, 50, 100, 100, 100, 100, 100, 100, 100, 100, 100, 50, 100], "pvl_likelihood": 159.6590308751333, "pvl_w": 0.10979887396995763, "pvl_a": 0.10864313562761904, "pvl_c": 0.44447869362350534, "pvl_shape": 0.2336546426478616, "evpu_likelihood": 173.99250996888452, "evpu_w": 0.8611453749773956, "evpu_a": 0.9999979273387898, "evpu_c": -0.06356933330702394, "evpu_shape": 6.074836951151549e-07, "vse_likelihood": 160.07042756424545, "vse_delta": 0.13772398968096122, "vse_alpha": 0.14314119967477984, "vse_phi": -0.40784085579091894, "vse_c": 0.4618741388832531, "vse_theta": 0.19703554001547713}