{"age": "25-34", "gender": "Male", "PANAS": {"\"Interested\"": 2, "\"Distressed\"": 4, "\"Excited\"": 3, "\"Upset\"": 3, "\"Strong\"": 1, "\"Guilty\"": 2, "\"Scared\"": 3, "\"Hostile\"": 2, "\"Enthusiastic\"": 1, "\"Proud\"": 1, "\"Irritable\"": 3, "\"Alert\"": 3, "\"Ashamed\"": 1, "\"Inspired\"": 1, "\"Nervous\"": 2, "\"Determined\"": 2, "\"Attentive\"": 3, "\"Jittery\"": 1, "\"Active\"": 2, "\"Afraid\"": 2}, "NA_score": 23, "PA_score": 19, "PHQ": {"\"Q0\"": 1, "\"Q1\"": 1, "\"Q2\"": 2, "\"Q3\"": 2, "\"Q0\"b": 0, "\"Q1\"b": 2, "\"Q2\"b": 3, "\"Q3\"b": 0}, "PHQ_score": 11, "GAD": {"\"Q0\"": 2, "\"Q1\"": 1, "\"Q2\"": 2, "\"Q3\"": 2, "\"Q0\"b": 1, "\"Q1\"b": 2, "\"Q2\"b": 2}, "GAD_score": 12, "length": 100, "options": [2, 2, 0, 3, 1, 1, 1, 1, 1, 1, 1, 1, 1, 1, 1, 1, 1, 1, 2, 2, 3, 0, 1, 2, 1, 0, 3, 0, 1, 2, 3, 0, 1, 2, 0, 3, 2, 2], "penalties": [50, 0, 250, 0, 0, 0, 0, 0, 0, 0, 0, 0, 0, 0, 1250, 0, 0, 0, 0, 0, 0, 0, 0, 0, 0, 0, 0, 0, 0, 0, 0, 0, 0, 0, 0, 0, 50, 0], "rewards": [50, 50, 100, 50, 100, 100, 100, 100, 100, 100, 100, 100, 100, 100, 100, 100, 100, 100, 50, 50, 50, 100, 100, 50, 100, 100, 50, 100, 100, 50, 50, 100, 100, 50, 100, 50, 50, 50], "pvl_likelihood": 50.616507378788626, "pvl_w": 3.951426171442969e-08, "pvl_a": 0.07961261346629267, "pvl_c": 0.3434735437452213, "pvl_shape": 0.11852007427005548, "evpu_likelihood": 52.38924286066012, "evpu_w": 0.8847470841275237, "evpu_a": 9.018292161963966e-07, "evpu_c": -2.4119759903837044, "evpu_shape": 0.859284159239706, "vse_likelihood": 46.457495537065626, "vse_delta": 0.7875062559587911, "vse_alpha": 4.757687169166724e-08, "vse_phi": -0.4801678636425943, "vse_c": 0.15782072986345266, "vse_theta": 0.236486591860929}