{"age": "18-25", "gender": "Female", "PANAS": {"\"Interested\"": 4, "\"Distressed\"": 1, "\"Excited\"": 1, "\"Upset\"": 4, "\"Strong\"": 2, "\"Guilty\"": 1, "\"Scared\"": 4, "\"Hostile\"": 2, "\"Enthusiastic\"": 2, "\"Proud\"": 2, "\"Irritable\"": 4, "\"Alert\"": 3, "\"Ashamed\"": 2, "\"Inspired\"": 4, "\"Nervous\"": 3, "\"Determined\"": 4, "\"Attentive\"": 4, "\"Jittery\"": 1, "\"Active\"": 2, "\"Afraid\"": 4}, "NA_score": 26, "PA_score": 28, "PHQ": {"\"Q0\"": 0, "\"Q1\"": 1, "\"Q2\"": 1, "\"Q3\"": 2, "\"Q0\"b": 0, "\"Q1\"b": 0, "\"Q2\"b": 0, "\"Q3\"b": 0}, "PHQ_score": 4, "GAD": {"\"Q0\"": 1, "\"Q1\"": 1, "\"Q2\"": 1, "\"Q3\"": 0, "\"Q0\"b": 0, "\"Q1\"b": 2, "\"Q2\"b": 0}, "GAD_score": 5, "length": 156, "options": [2, 0, 1, 2, 3, 1, 0, 2, 3, 1, 0, 2, 2, 3, 3, 1, 0, 3, 2, 1, 3, 0, 2, 0, 1, 3, 0, 1, 2, 3, 1, 0, 2, 1, 3, 2, 0, 1, 0, 3, 1, 2, 0, 1, 3, 0, 1, 2, 2, 0, 3, 1, 2, 0, 1, 3, 2, 1, 0, 2, 1, 0, 3, 1, 2, 0], "penalties": [50, 250, 0, 50, 0, 0, 0, 50, 0, 0, 250, 50, 50, 0, 250, 0, 0, 250, 0, 0, 0, 0, 50, 0, 0, 250, 0, 0, 0, 250, 0, 250, 0, 0, 0, 50, 0, 0, 0, 250, 0, 50, 0, 0, 0, 250, 0, 0, 50, 250, 0, 0, 0, 0, 0, 0, 50, 0, 250, 50, 0, 250, 0, 0, 0, 0], "rewards": [50, 100, 100, 50, 50, 100, 100, 50, 50, 100, 100, 50, 50, 50, 50, 100, 100, 50, 50, 100, 50, 100, 50, 100, 100, 50, 100, 100, 50, 50, 100, 100, 50, 100, 50, 50, 100, 100, 100, 50, 100, 50, 100, 100, 50, 100, 100, 50, 50, 100, 50, 100, 50, 100, 100, 50, 50, 100, 100, 50, 100, 100, 50, 100, 50, 100], "pvl_likelihood": 91.49542783391279, "pvl_w": 0.0, "pvl_a": 0.0, "pvl_c": 0.0, "pvl_shape": 0.0, "evpu_likelihood": 91.15423164080204, "evpu_w": 1.9197375122238323, "evpu_a": 1.2782080406209656e-09, "evpu_c": -4.037546870732931, "evpu_shape": 1.1672988598282306, "vse_likelihood": 91.49508450107575, "vse_delta": 0.0, "vse_alpha": 0.0, "vse_phi": 0.0, "vse_c": 0.00025, "vse_theta": 0.0}