{"age": "18-25", "gender": "Female", "PANAS": {"\"Interested\"": 4, "\"Distressed\"": 4, "\"Excited\"": 5, "\"Upset\"": 3, "\"Strong\"": 5, "\"Guilty\"": 2, "\"Scared\"": 3, "\"Hostile\"": 3, "\"Enthusiastic\"": 5, "\"Proud\"": 4, "\"Irritable\"": 3, "\"Alert\"": 4, "\"Ashamed\"": 1, "\"Inspired\"": 4, "\"Nervous\"": 3, "\"Determined\"": 4, "\"Attentive\"": 4, "\"Jittery\"": 3, "\"Active\"": 5, "\"Afraid\"": 2}, "NA_score": 27, "PA_score": 44, "PHQ": {"\"Q0\"": 0, "\"Q1\"": 0, "\"Q2\"": 0, "\"Q3\"": 0, "\"Q0\"b": 0, "\"Q1\"b": 1, "\"Q2\"b": 0, "\"Q3\"b": 0}, "PHQ_score": 1, "GAD": {"\"Q0\"": 1, "\"Q1\"": 0, "\"Q2\"": 1, "\"Q3\"": 1, "\"Q0\"b": 0, "\"Q1\"b": 1, "\"Q2\"b": 2}, "GAD_score": 6, "length": 90, "options": [0, 2, 2, 1, 3, 0, 1, 2, 1, 3, 0, 1, 2, 0, 1, 3, 2, 1, 0, 2, 3, 0, 1, 3, 1, 2, 0, 3, 2, 1, 1, 0, 2], "penalties": [0, 50, 50, 0, 0, 250, 0, 50, 0, 0, 0, 0, 0, 250, 0, 0, 0, 0, 0, 50, 0, 0, 0, 0, 0, 50, 250, 0, 50, 0, 0, 0, 0], "rewards": [100, 50, 50, 100, 50, 100, 100, 50, 100, 50, 100, 100, 50, 100, 100, 50, 50, 100, 100, 50, 50, 100, 100, 50, 100, 50, 100, 50, 50, 100, 100, 100, 50], "pvl_likelihood": 45.747713916956386, "pvl_w": 0.0, "pvl_a": 0.0, "pvl_c": 0.0, "pvl_shape": 0.0, "evpu_likelihood": 45.7474138448157, "evpu_w": 0.0, "evpu_a": 0.0002499999999990905, "evpu_c": 9.094947017729283e-16, "evpu_shape": 0.0, "vse_likelihood": 45.74743925917519, "vse_delta": 0.0, "vse_alpha": 0.0, "vse_phi": 0.0, "vse_c": 0.00025, "vse_theta": 0.0}