{"age": "18-25", "gender": "Female", "PANAS": {"\"Interested\"": 2, "\"Distressed\"": 3, "\"Excited\"": 3, "\"Upset\"": 2, "\"Strong\"": 2, "\"Guilty\"": 2, "\"Scared\"": 1, "\"Hostile\"": 2, "\"Enthusiastic\"": 2, "\"Proud\"": 3, "\"Irritable\"": 2, "\"Alert\"": 3, "\"Ashamed\"": 3, "\"Inspired\"": 3, "\"Nervous\"": 3, "\"Determined\"": 2, "\"Attentive\"": 3, "\"Jittery\"": 3, "\"Active\"": 2, "\"Afraid\"": 2}, "NA_score": 23, "PA_score": 25, "PHQ": {"\"Q0\"": 1, "\"Q1\"": 1, "\"Q2\"": 0, "\"Q3\"": 3, "\"Q0\"b": 0, "\"Q1\"b": 1, "\"Q2\"b": 0, "\"Q3\"b": 0}, "PHQ_score": 6, "GAD": {"\"Q0\"": 1, "\"Q1\"": 1, "\"Q2\"": 1, "\"Q3\"": 2, "\"Q0\"b": 1, "\"Q1\"b": 1, "\"Q2\"b": 0}, "GAD_score": 7, "length": 68, "options": [3, 0, 1, 0, 1, 0, 1, 2, 3, 0, 1, 0, 1, 0, 1, 1, 1, 1, 1, 1, 1, 1], "penalties": [250, 0, 0, 0, 0, 0, 0, 50, 0, 0, 0, 0, 0, 250, 0, 0, 0, 0, 0, 0, 0, 0], "rewards": [50, 100, 100, 100, 100, 100, 100, 50, 50, 100, 100, 100, 100, 100, 100, 100, 100, 100, 100, 100, 100, 100], "pvl_likelihood": 20.106451513033196, "pvl_w": 0.691417800486396, "pvl_a": 0.9999883993218233, "pvl_c": 0.03273138567732832, "pvl_shape": 0.5727853340046847, "evpu_likelihood": 22.180473568590713, "evpu_w": 2.2489244497079514e-09, "evpu_a": 0.9578433663662893, "evpu_c": 1.8104837380099914, "evpu_shape": 1.080942773209835, "vse_likelihood": 16.03009923307018, "vse_delta": 0.7044992527491549, "vse_alpha": 0.44836907361393336, "vse_phi": 4.02860039942121, "vse_c": 1.2340771714612442, "vse_theta": 0.18958121325994526}