{"age": "25-34", "gender": "Male", "PANAS": {"\"Interested\"": 4, "\"Distressed\"": 2, "\"Excited\"": 4, "\"Upset\"": 2, "\"Strong\"": 5, "\"Guilty\"": 2, "\"Scared\"": 1, "\"Hostile\"": 2, "\"Enthusiastic\"": 4, "\"Proud\"": 5, "\"Irritable\"": 2, "\"Alert\"": 2, "\"Ashamed\"": 1, "\"Inspired\"": 3, "\"Nervous\"": 2, "\"Determined\"": 4, "\"Attentive\"": 2, "\"Jittery\"": 2, "\"Active\"": 3, "\"Afraid\"": 2}, "NA_score": 18, "PA_score": 36, "PHQ": {"\"Q0\"": 0, "\"Q1\"": 0, "\"Q2\"": 0, "\"Q3\"": 0, "\"Q0\"b": 0, "\"Q1\"b": 0, "\"Q2\"b": 0, "\"Q3\"b": 0}, "PHQ_score": 0, "GAD": {"\"Q0\"": 0, "\"Q1\"": 0, "\"Q2\"": 0, "\"Q3\"": 0, "\"Q0\"b": 0, "\"Q1\"b": 1, "\"Q2\"b": 0}, "GAD_score": 1, "length": 189, "options": [1, 2, 3, 0, 1, 1, 1, 1, 2, 1, 1, 1, 0, 2, 3, 3, 2, 1, 1, 0, 1, 0, 1, 2, 2, 2, 1, 0, 0, 1, 2, 0, 1, 3, 2, 3, 1, 0, 1, 1, 0, 1, 3, 3, 3, 3, 3, 3, 3, 3, 3, 3, 3, 3, 3, 3, 3, 3, 3, 3, 3, 3, 3, 3, 3, 3, 3, 3, 3, 3, 3, 2, 3, 3, 3, 3, 3, 3, 3, 3, 3, 3], "penalties": [0, 50, 0, 0, 0, 0, 0, 0, 0, 0, 1250, 0, 0, 0, 0, 250, 0, 0, 0, 0, 0, 250, 0, 50, 50, 0, 0, 0, 250, 0, 0, 0, 0, 0, 50, 0, 1250, 250, 0, 0, 0, 0, 0, 0, 0, 0, 0, 0, 0, 0, 0, 0, 0, 0, 0, 0, 0, 0, 0, 0, 0, 0, 0, 0, 0, 0, 0, 0, 0, 0, 250, 50, 0, 0, 0, 0, 0, 0, 0, 0, 0, 0], "rewards": [100, 50, 50, 100, 100, 100, 100, 100, 50, 100, 100, 100, 100, 50, 50, 50, 50, 100, 100, 100, 100, 100, 100, 50, 50, 50, 100, 100, 100, 100, 50, 100, 100, 50, 50, 50, 100, 100, 100, 100, 100, 100, 50, 50, 50, 50, 50, 50, 50, 50, 50, 50, 50, 50, 50, 50, 50, 50, 50, 50, 50, 50, 50, 50, 50, 50, 50, 50, 50, 50, 50, 50, 50, 50, 50, 50, 50, 50, 50, 50, 50, 50], "pvl_likelihood": 70.74040590958518, "pvl_w": 2.3322640117574007, "pvl_a": 0.8869579528462166, "pvl_c": 0.3815379701735686, "pvl_shape": 2.896307141190585e-07, "evpu_likelihood": 113.67613761183104, "evpu_w": 0.0, "evpu_a": 0.0, "evpu_c": 0.0, "evpu_shape": 0.0, "vse_likelihood": 72.03311573436133, "vse_delta": 0.852323511666359, "vse_alpha": 1.7061654826006014e-06, "vse_phi": -0.5524692030205731, "vse_c": 0.21140579353620614, "vse_theta": 0.20676877036363478}