{"age": "35-44", "gender": "Male", "PANAS": {"\"Interested\"": 5, "\"Distressed\"": 1, "\"Excited\"": 3, "\"Upset\"": 1, "\"Strong\"": 3, "\"Guilty\"": 1, "\"Scared\"": 1, "\"Hostile\"": 2, "\"Enthusiastic\"": 4, "\"Proud\"": 2, "\"Irritable\"": 2, "\"Alert\"": 4, "\"Ashamed\"": 1, "\"Inspired\"": 4, "\"Nervous\"": 1, "\"Determined\"": 4, "\"Attentive\"": 4, "\"Jittery\"": 1, "\"Active\"": 3, "\"Afraid\"": 1}, "NA_score": 12, "PA_score": 36, "PHQ": {"\"Q0\"": 0, "\"Q1\"": 0, "\"Q2\"": 1, "\"Q3\"": 0, "\"Q0\"b": 0, "\"Q1\"b": 0, "\"Q2\"b": 0, "\"Q3\"b": 0}, "PHQ_score": 1, "GAD": {"\"Q0\"": 0, "\"Q1\"": 0, "\"Q2\"": 0, "\"Q3\"": 0, "\"Q0\"b": 0, "\"Q1\"b": 0, "\"Q2\"b": 0}, "GAD_score": 0, "length": 101, "options": [3, 1, 3, 1, 3, 0, 0, 2, 1, 3, 0, 0, 3, 3, 1, 0, 2, 1, 3, 1, 2, 0, 3, 3, 1, 0, 3, 1, 3, 2, 0, 0, 3, 1, 1, 2, 3, 3], "penalties": [0, 0, 0, 0, 250, 0, 0, 50, 0, 0, 0, 250, 250, 0, 0, 0, 0, 0, 0, 0, 0, 250, 0, 0, 0, 250, 0, 0, 0, 50, 0, 0, 0, 0, 0, 0, 0, 0], "rewards": [50, 100, 50, 100, 50, 100, 100, 50, 100, 50, 100, 100, 50, 50, 100, 100, 50, 100, 50, 100, 50, 100, 50, 50, 100, 100, 50, 100, 50, 50, 100, 100, 50, 100, 100, 50, 50, 50], "pvl_likelihood": 52.67918572255582, "pvl_w": 0.0, "pvl_a": 0.0, "pvl_c": 0.0, "pvl_shape": 0.0, "evpu_likelihood": 52.11519432991298, "evpu_w": 1.2765869660521731e-06, "evpu_a": 0.037899966229170176, "evpu_c": -0.05791528181205384, "evpu_shape": 0.01029599686848205, "vse_likelihood": 52.67918572255582, "vse_delta": 0.0, "vse_alpha": 0.0, "vse_phi": 0.0, "vse_c": 0.0, "vse_theta": 0.0}