{"age": "18-25", "gender": "Female", "PANAS": {"\"Interested\"": 3, "\"Distressed\"": 5, "\"Excited\"": 3, "\"Upset\"": 4, "\"Strong\"": 1, "\"Guilty\"": 5, "\"Scared\"": 5, "\"Hostile\"": 2, "\"Enthusiastic\"": 1, "\"Proud\"": 1, "\"Irritable\"": 5, "\"Alert\"": 5, "\"Ashamed\"": 4, "\"Inspired\"": 3, "\"Nervous\"": 5, "\"Determined\"": 2, "\"Attentive\"": 5, "\"Jittery\"": 5, "\"Active\"": 3, "\"Afraid\"": 5}, "NA_score": 45, "PA_score": 27, "PHQ": {"\"Q0\"": 1, "\"Q1\"": 3, "\"Q2\"": 3, "\"Q3\"": 2, "\"Q0\"b": 1, "\"Q1\"b": 3, "\"Q2\"b": 1, "\"Q3\"b": 0}, "PHQ_score": 14, "GAD": {"\"Q0\"": 3, "\"Q1\"": 3, "\"Q2\"": 3, "\"Q3\"": 2, "\"Q0\"b": 0, "\"Q1\"b": 2, "\"Q2\"b": 3}, "GAD_score": 16, "length": 136, "options": [3, 2, 3, 0, 1, 2, 0, 3, 3, 1, 2, 0, 1, 3, 0, 2, 1, 3, 0, 3, 1, 0, 2, 1, 3, 1, 0, 3, 3, 1, 3, 1, 3, 1, 3, 0, 1, 3, 1, 3, 2, 1, 1, 1, 1, 1, 1, 1, 1, 1, 1, 1, 1, 1, 1, 1], "penalties": [0, 0, 0, 0, 0, 50, 0, 0, 0, 0, 50, 0, 0, 0, 250, 50, 0, 0, 0, 0, 0, 250, 50, 0, 0, 1250, 250, 0, 0, 0, 0, 0, 0, 0, 250, 250, 0, 0, 0, 250, 50, 0, 0, 0, 0, 0, 0, 0, 0, 0, 0, 0, 0, 0, 0, 0], "rewards": [50, 50, 50, 100, 100, 50, 100, 50, 50, 100, 50, 100, 100, 50, 100, 50, 100, 50, 100, 50, 100, 100, 50, 100, 50, 100, 100, 50, 50, 100, 50, 100, 50, 100, 50, 100, 100, 50, 100, 50, 50, 100, 100, 100, 100, 100, 100, 100, 100, 100, 100, 100, 100, 100, 100, 100], "pvl_likelihood": 73.42966212704826, "pvl_w": 3.02161025970891e-08, "pvl_a": 0.26336604302062216, "pvl_c": 0.3197206324212497, "pvl_shape": 0.1910107792444593, "evpu_likelihood": 59.70434189833267, "evpu_w": 5.073244930647396e-07, "evpu_a": 0.14904207403311226, "evpu_c": -0.2678568763098937, "evpu_shape": 0.0603627430961821, "vse_likelihood": 43.24946124191359, "vse_delta": 0.902451974054366, "vse_alpha": 0.27577784608629863, "vse_phi": 5.932996030333008, "vse_c": 0.6873170377740794, "vse_theta": 0.10319521341685509}