{"age": "18-25", "gender": "Female", "PANAS": {"\"Interested\"": 4, "\"Distressed\"": 4, "\"Excited\"": 3, "\"Upset\"": 4, "\"Strong\"": 2, "\"Guilty\"": 4, "\"Scared\"": 2, "\"Hostile\"": 3, "\"Enthusiastic\"": 3, "\"Proud\"": 4, "\"Irritable\"": 4, "\"Alert\"": 2, "\"Ashamed\"": 4, "\"Inspired\"": 1, "\"Nervous\"": 4, "\"Determined\"": 2, "\"Attentive\"": 3, "\"Jittery\"": 1, "\"Active\"": 1, "\"Afraid\"": 2}, "NA_score": 32, "PA_score": 25, "PHQ": {"\"Q0\"": 2, "\"Q1\"": 2, "\"Q2\"": 1, "\"Q3\"": 1, "\"Q0\"b": 0, "\"Q1\"b": 1, "\"Q2\"b": 1, "\"Q3\"b": 0}, "PHQ_score": 8, "GAD": {"\"Q0\"": 1, "\"Q1\"": 1, "\"Q2\"": 1, "\"Q3\"": 2, "\"Q0\"b": 1, "\"Q1\"b": 1, "\"Q2\"b": 0}, "GAD_score": 7, "length": 144, "options": [3, 1, 0, 2, 0, 0, 3, 2, 1, 0, 1, 0, 1, 0, 1, 2, 3, 0, 1, 2, 3, 0, 1, 2, 3, 0, 2, 3, 0, 1, 0, 3, 2, 1, 0, 1, 2, 3, 2, 1, 0, 1, 2, 3, 2, 1, 0, 1, 2, 3, 2, 1, 0, 1, 3, 1, 3, 1, 3, 1], "penalties": [0, 0, 0, 0, 250, 250, 0, 50, 0, 0, 0, 0, 1250, 0, 0, 50, 0, 0, 0, 0, 0, 250, 0, 0, 0, 0, 50, 0, 0, 0, 250, 0, 50, 0, 0, 0, 0, 0, 0, 0, 0, 0, 50, 0, 50, 0, 250, 0, 50, 0, 50, 0, 250, 0, 0, 0, 0, 0, 0, 0], "rewards": [50, 100, 100, 50, 100, 100, 50, 50, 100, 100, 100, 100, 100, 100, 100, 50, 50, 100, 100, 50, 50, 100, 100, 50, 50, 100, 50, 50, 100, 100, 100, 50, 50, 100, 100, 100, 50, 50, 50, 100, 100, 100, 50, 50, 50, 100, 100, 100, 50, 50, 50, 100, 100, 100, 50, 100, 50, 100, 50, 100], "pvl_likelihood": 83.17766166719345, "pvl_w": 0.0, "pvl_a": 0.0, "pvl_c": 0.0, "pvl_shape": 0.0, "evpu_likelihood": 82.27094461452943, "evpu_w": 0.056304547634196664, "evpu_a": 4.3602640745018275e-06, "evpu_c": -1.9998546420386845, "evpu_shape": 0.8354353529984135, "vse_likelihood": 83.17724965458399, "vse_delta": 0.0, "vse_alpha": 0.0, "vse_phi": 0.0, "vse_c": 0.00025, "vse_theta": 0.0}