{"age": "25-34", "gender": "Male", "PANAS": {"\"Interested\"": 4, "\"Distressed\"": 4, "\"Excited\"": 3, "\"Upset\"": 2, "\"Strong\"": 2, "\"Guilty\"": 2, "\"Scared\"": 3, "\"Hostile\"": 2, "\"Enthusiastic\"": 2, "\"Proud\"": 1, "\"Irritable\"": 4, "\"Alert\"": 3, "\"Ashamed\"": 3, "\"Inspired\"": 2, "\"Nervous\"": 4, "\"Determined\"": 2, "\"Attentive\"": 3, "\"Jittery\"": 3, "\"Active\"": 2, "\"Afraid\"": 4}, "NA_score": 31, "PA_score": 24, "PHQ": {"\"Q0\"": 2, "\"Q1\"": 1, "\"Q2\"": 2, "\"Q3\"": 2, "\"Q0\"b": 2, "\"Q1\"b": 1, "\"Q2\"b": 1, "\"Q3\"b": 0}, "PHQ_score": 11, "GAD": {"\"Q0\"": 1, "\"Q1\"": 1, "\"Q2\"": 1, "\"Q3\"": 1, "\"Q0\"b": 0, "\"Q1\"b": 2, "\"Q2\"b": 1}, "GAD_score": 7, "length": 66, "options": [1, 2, 1, 1, 3, 1, 0, 1, 0, 1, 1, 1, 3, 1, 1, 2, 1, 3, 1, 1, 1], "penalties": [0, 50, 0, 0, 0, 0, 0, 0, 250, 0, 0, 0, 0, 0, 0, 50, 0, 0, 0, 0, 0], "rewards": [100, 50, 100, 100, 50, 100, 100, 100, 100, 100, 100, 100, 50, 100, 100, 50, 100, 50, 100, 100, 100], "pvl_likelihood": 26.54181279354979, "pvl_w": 0.022439365633737628, "pvl_a": 0.4699678494007406, "pvl_c": 0.7151811492087125, "pvl_shape": 2.3065515620149445e-10, "evpu_likelihood": 22.49967217611561, "evpu_w": 3.096046169230249e-07, "evpu_a": 0.14630573454148027, "evpu_c": -0.293336286897105, "evpu_shape": 0.09249795535582973, "vse_likelihood": 22.8721659045171, "vse_delta": 0.9999914653926112, "vse_alpha": 0.4933563499595508, "vse_phi": -1.3738867515373754, "vse_c": 0.05931682053301788, "vse_theta": 0.2708100336521523}