{"age": "18-25", "gender": "Male", "PANAS": {"\"Interested\"": 3, "\"Distressed\"": 2, "\"Excited\"": 4, "\"Upset\"": 2, "\"Strong\"": 4, "\"Guilty\"": 1, "\"Scared\"": 1, "\"Hostile\"": 2, "\"Enthusiastic\"": 3, "\"Proud\"": 4, "\"Irritable\"": 2, "\"Alert\"": 3, "\"Ashamed\"": 2, "\"Inspired\"": 3, "\"Nervous\"": 2, "\"Determined\"": 2, "\"Attentive\"": 3, "\"Jittery\"": 3, "\"Active\"": 4, "\"Afraid\"": 1}, "NA_score": 18, "PA_score": 33, "PHQ": {"\"Q0\"": 1, "\"Q1\"": 0, "\"Q2\"": 2, "\"Q3\"": 0, "\"Q0\"b": 0, "\"Q1\"b": 0, "\"Q2\"b": 0, "\"Q3\"b": 0}, "PHQ_score": 3, "GAD": {"\"Q0\"": 1, "\"Q1\"": 0, "\"Q2\"": 1, "\"Q3\"": 1, "\"Q0\"b": 0, "\"Q1\"b": 1, "\"Q2\"b": 0}, "GAD_score": 4, "length": 265, "options": [0, 3, 3, 2, 1, 1, 3, 0, 0, 1, 1, 3, 3, 3, 3, 2, 1, 1, 0, 0, 2, 1, 1, 3, 0, 1, 2, 3, 1, 0, 2, 3, 2, 2, 1, 1, 1, 0, 1, 3, 3, 2, 3, 3, 0, 1, 0, 1, 1, 2, 3, 0, 1, 1, 1, 1, 1, 3, 1, 1, 0, 1, 1, 2, 3, 1, 3, 1, 3, 3, 3, 1, 1, 3, 1, 1, 1, 1, 1, 3, 1, 0, 1, 1, 1, 2, 1, 1, 1, 1, 1, 0, 0, 1, 1, 1, 1, 3, 2, 3, 3, 1, 1, 1, 3, 3, 3, 3, 3, 0, 0, 1, 0, 3, 1, 1, 1, 3, 3, 1], "penalties": [0, 0, 0, 0, 0, 0, 0, 250, 0, 0, 0, 250, 0, 0, 0, 0, 0, 0, 0, 0, 50, 0, 0, 250, 250, 1250, 50, 0, 0, 250, 50, 250, 50, 50, 0, 0, 0, 250, 1250, 0, 0, 50, 0, 250, 0, 0, 250, 0, 0, 0, 0, 250, 0, 0, 0, 0, 0, 0, 0, 0, 250, 0, 0, 50, 0, 0, 0, 0, 0, 0, 0, 0, 0, 0, 0, 0, 0, 0, 0, 250, 0, 250, 0, 0, 0, 50, 0, 0, 0, 0, 1250, 0, 250, 0, 0, 0, 0, 0, 50, 0, 0, 0, 0, 0, 0, 0, 0, 0, 250, 0, 0, 0, 250, 0, 0, 0, 0, 0, 0, 0], "rewards": [100, 50, 50, 50, 100, 100, 50, 100, 100, 100, 100, 50, 50, 50, 50, 50, 100, 100, 100, 100, 50, 100, 100, 50, 100, 100, 50, 50, 100, 100, 50, 50, 50, 50, 100, 100, 100, 100, 100, 50, 50, 50, 50, 50, 100, 100, 100, 100, 100, 50, 50, 100, 100, 100, 100, 100, 100, 50, 100, 100, 100, 100, 100, 50, 50, 100, 50, 100, 50, 50, 50, 100, 100, 50, 100, 100, 100, 100, 100, 50, 100, 100, 100, 100, 100, 50, 100, 100, 100, 100, 100, 100, 100, 100, 100, 100, 100, 50, 50, 50, 50, 100, 100, 100, 50, 50, 50, 50, 50, 100, 100, 100, 100, 50, 100, 100, 100, 50, 50, 100], "pvl_likelihood": 143.78315004894776, "pvl_w": 0.7683341124015375, "pvl_a": 0.8531299800941794, "pvl_c": 0.020495128185192033, "pvl_shape": 0.6537038715168388, "evpu_likelihood": 144.0947470546637, "evpu_w": 1.5714749346240033e-07, "evpu_a": 0.5023919624068325, "evpu_c": -0.23999035668425223, "evpu_shape": 0.0022982154664499877, "vse_likelihood": 146.77445161463103, "vse_delta": 0.8496493894823921, "vse_alpha": 0.122428340777096, "vse_phi": 0.4176990188624452, "vse_c": 0.1886858738109955, "vse_theta": 0.14155709312254033}