{"age": "25-34", "gender": "Male", "PANAS": {"\"Interested\"": 4, "\"Distressed\"": 2, "\"Excited\"": 1, "\"Upset\"": 1, "\"Strong\"": 2, "\"Guilty\"": 1, "\"Scared\"": 1, "\"Hostile\"": 2, "\"Enthusiastic\"": 2, "\"Proud\"": 2, "\"Irritable\"": 4, "\"Alert\"": 3, "\"Ashamed\"": 1, "\"Inspired\"": 2, "\"Nervous\"": 3, "\"Determined\"": 2, "\"Attentive\"": 3, "\"Jittery\"": 2, "\"Active\"": 2, "\"Afraid\"": 2}, "NA_score": 19, "PA_score": 23, "PHQ": {"\"Q0\"": 1, "\"Q1\"": 1, "\"Q2\"": 1, "\"Q3\"": 1, "\"Q0\"b": 0, "\"Q1\"b": 1, "\"Q2\"b": 1, "\"Q3\"b": 0}, "PHQ_score": 6, "GAD": {"\"Q0\"": 1, "\"Q1\"": 1, "\"Q2\"": 1, "\"Q3\"": 1, "\"Q0\"b": 1, "\"Q1\"b": 1, "\"Q2\"b": 0}, "GAD_score": 6, "length": 103, "options": [3, 2, 1, 0, 0, 1, 1, 1, 1, 1, 1, 1, 1, 1, 1, 1, 0, 1, 1, 1, 1, 1, 1, 1, 1, 1, 1, 1, 1, 0, 1, 1, 1, 1, 1, 0, 1, 1, 1], "penalties": [0, 50, 0, 0, 250, 0, 0, 0, 0, 0, 0, 0, 0, 0, 0, 1250, 250, 0, 0, 0, 0, 0, 0, 0, 0, 0, 0, 0, 0, 250, 0, 0, 0, 0, 0, 250, 0, 0, 0], "rewards": [50, 50, 100, 100, 100, 100, 100, 100, 100, 100, 100, 100, 100, 100, 100, 100, 100, 100, 100, 100, 100, 100, 100, 100, 100, 100, 100, 100, 100, 100, 100, 100, 100, 100, 100, 100, 100, 100, 100], "pvl_likelihood": 22.849616809529294, "pvl_w": 0.37995994241740216, "pvl_a": 0.46592323593142926, "pvl_c": 0.1429322653967015, "pvl_shape": 0.5404206074874536, "evpu_likelihood": 23.81391854815143, "evpu_w": 4.317721749211832e-09, "evpu_a": 0.9999998068313678, "evpu_c": 3.3802348300070975, "evpu_shape": 1.9383311147942996, "vse_likelihood": 21.235137040138408, "vse_delta": 0.21899015355411283, "vse_alpha": 0.030823625175707935, "vse_phi": -0.7883241239128304, "vse_c": 0.6899485159429588, "vse_theta": 0.19153495556609584}