{"age": "18-25", "gender": "Male", "PANAS": {"\"Interested\"": 3, "\"Distressed\"": 3, "\"Excited\"": 3, "\"Upset\"": 2, "\"Strong\"": 4, "\"Guilty\"": 4, "\"Scared\"": 4, "\"Hostile\"": 1, "\"Enthusiastic\"": 4, "\"Proud\"": 2, "\"Irritable\"": 2, "\"Alert\"": 1, "\"Ashamed\"": 3, "\"Inspired\"": 3, "\"Nervous\"": 4, "\"Determined\"": 4, "\"Attentive\"": 3, "\"Jittery\"": 2, "\"Active\"": 4, "\"Afraid\"": 4}, "NA_score": 29, "PA_score": 31, "PHQ": {"\"Q0\"": 1, "\"Q1\"": 1, "\"Q2\"": 1, "\"Q3\"": 0, "\"Q0\"b": 1, "\"Q1\"b": 2, "\"Q2\"b": 1, "\"Q3\"b": 0}, "PHQ_score": 7, "GAD": {"\"Q0\"": 1, "\"Q1\"": 1, "\"Q2\"": 1, "\"Q3\"": 0, "\"Q0\"b": 0, "\"Q1\"b": 0, "\"Q2\"b": 1}, "GAD_score": 4, "length": 208, "options": [3, 2, 1, 0, 1, 1, 1, 1, 2, 3, 2, 3, 3, 1, 2, 3, 1, 1, 1, 3, 3, 3, 2, 3, 3, 3, 0, 0, 0, 1, 1, 1, 0, 0, 2, 2, 1, 0, 0, 1, 2, 2, 1, 1, 0, 0, 2, 1, 1, 0, 0, 1, 0, 1, 1, 1, 2, 2, 2, 2, 2, 2, 2, 2, 2, 2, 2, 2, 2, 2, 2, 2, 2, 2, 2, 2, 2, 2, 2, 2, 2, 2, 2, 2, 2, 2, 2, 2, 2, 2, 2, 2], "penalties": [0, 0, 0, 250, 0, 0, 0, 1250, 0, 0, 50, 0, 0, 0, 50, 0, 0, 0, 1250, 0, 0, 0, 50, 0, 0, 250, 0, 0, 250, 0, 0, 0, 0, 0, 0, 50, 0, 0, 0, 0, 0, 50, 0, 0, 0, 0, 50, 0, 0, 250, 0, 0, 250, 0, 0, 0, 0, 0, 50, 0, 50, 50, 0, 0, 50, 0, 50, 50, 0, 0, 50, 50, 50, 0, 50, 0, 50, 0, 50, 0, 0, 0, 0, 50, 0, 0, 50, 50, 50, 0, 0, 0], "rewards": [50, 50, 100, 100, 100, 100, 100, 100, 50, 50, 50, 50, 50, 100, 50, 50, 100, 100, 100, 50, 50, 50, 50, 50, 50, 50, 100, 100, 100, 100, 100, 100, 100, 100, 50, 50, 100, 100, 100, 100, 50, 50, 100, 100, 100, 100, 50, 100, 100, 100, 100, 100, 100, 100, 100, 100, 50, 50, 50, 50, 50, 50, 50, 50, 50, 50, 50, 50, 50, 50, 50, 50, 50, 50, 50, 50, 50, 50, 50, 50, 50, 50, 50, 50, 50, 50, 50, 50, 50, 50, 50, 50], "pvl_likelihood": 101.36366647420837, "pvl_w": 2.4888055435580195e-07, "pvl_a": 0.1060921152375137, "pvl_c": 0.8037026829908133, "pvl_shape": 0.06128161670991872, "evpu_likelihood": 127.286993477592, "evpu_w": 0.0, "evpu_a": 0.00025, "evpu_c": 0.0, "evpu_shape": 0.0, "vse_likelihood": 88.7518124750594, "vse_delta": 0.7580787082172383, "vse_alpha": 0.07093176324415137, "vse_phi": -0.4801714988475037, "vse_c": 0.29797779826126886, "vse_theta": 0.24375859522626828}