{"age": "25-34", "gender": "Female", "PANAS": {"\"Interested\"": 3, "\"Distressed\"": 4, "\"Excited\"": 2, "\"Upset\"": 4, "\"Strong\"": 3, "\"Guilty\"": 1, "\"Scared\"": 4, "\"Hostile\"": 2, "\"Enthusiastic\"": 2, "\"Proud\"": 3, "\"Irritable\"": 2, "\"Alert\"": 4, "\"Ashamed\"": 1, "\"Inspired\"": 4, "\"Nervous\"": 2, "\"Determined\"": 3, "\"Attentive\"": 3, "\"Jittery\"": 3, "\"Active\"": 4, "\"Afraid\"": 2}, "NA_score": 25, "PA_score": 31, "PHQ": {"\"Q0\"": 2, "\"Q1\"": 0, "\"Q2\"": 2, "\"Q3\"": 3, "\"Q0\"b": 1, "\"Q1\"b": 2, "\"Q2\"b": 2, "\"Q3\"b": 2}, "PHQ_score": 14, "GAD": {"\"Q0\"": 2, "\"Q1\"": 2, "\"Q2\"": 1, "\"Q3\"": 3, "\"Q0\"b": 2, "\"Q1\"b": 3, "\"Q2\"b": 0}, "GAD_score": 13, "length": 245, "options": [1, 2, 0, 3, 1, 2, 0, 2, 2, 1, 1, 1, 0, 1, 1, 1, 1, 0, 1, 0, 1, 1, 2, 1, 3, 3, 3, 3, 3, 0, 3, 1, 1, 2, 1, 1, 1, 1, 1, 1, 1, 1, 1, 1, 1, 1, 1, 1, 1, 1, 1, 1, 1, 1, 1, 1, 1, 1, 1, 1, 1, 1, 1, 1, 1, 1, 1, 0, 1, 1, 1, 1, 1, 1, 1, 1, 1, 1, 2, 0, 2, 3, 3, 3, 3, 3, 3, 2, 2, 2, 1, 1, 1, 1, 1, 1, 1, 1, 1, 1, 0, 0, 2, 3, 3, 2, 1, 1, 1, 3], "penalties": [0, 0, 0, 0, 0, 0, 0, 0, 50, 0, 0, 0, 250, 1250, 0, 0, 0, 0, 0, 250, 0, 1250, 50, 1250, 0, 0, 0, 0, 0, 250, 250, 0, 0, 50, 0, 0, 0, 0, 0, 0, 0, 0, 0, 0, 0, 0, 0, 0, 0, 0, 0, 0, 0, 0, 0, 0, 0, 0, 0, 0, 0, 0, 1250, 0, 0, 1250, 0, 250, 0, 0, 0, 0, 0, 0, 0, 0, 0, 0, 0, 250, 50, 0, 0, 0, 0, 0, 0, 0, 0, 50, 0, 0, 0, 0, 0, 0, 0, 0, 0, 0, 0, 0, 0, 0, 0, 50, 0, 0, 0, 0], "rewards": [100, 50, 100, 50, 100, 50, 100, 50, 50, 100, 100, 100, 100, 100, 100, 100, 100, 100, 100, 100, 100, 100, 50, 100, 50, 50, 50, 50, 50, 100, 50, 100, 100, 50, 100, 100, 100, 100, 100, 100, 100, 100, 100, 100, 100, 100, 100, 100, 100, 100, 100, 100, 100, 100, 100, 100, 100, 100, 100, 100, 100, 100, 100, 100, 100, 100, 100, 100, 100, 100, 100, 100, 100, 100, 100, 100, 100, 100, 50, 100, 50, 50, 50, 50, 50, 50, 50, 50, 50, 50, 100, 100, 100, 100, 100, 100, 100, 100, 100, 100, 100, 100, 50, 50, 50, 50, 100, 100, 100, 50], "pvl_likelihood": 89.91571749082475, "pvl_w": 0.08734721532457623, "pvl_a": 0.5235155265651101, "pvl_c": 0.31200526565771597, "pvl_shape": 0.29083342780510957, "evpu_likelihood": 104.90617080478673, "evpu_w": 0.11208909403013562, "evpu_a": 0.6771521440095603, "evpu_c": -0.343853807787894, "evpu_shape": 0.008725118177489121, "vse_likelihood": 90.21801539006655, "vse_delta": 0.561459488615647, "vse_alpha": 0.14481206805571506, "vse_phi": -0.15847986886567722, "vse_c": 0.3900871731938749, "vse_theta": 0.2117505153921435}