{"age": "18-25", "gender": "Female", "PANAS": {"\"Interested\"": 3, "\"Distressed\"": 4, "\"Excited\"": 3, "\"Upset\"": 4, "\"Strong\"": 2, "\"Guilty\"": 4, "\"Scared\"": 4, "\"Hostile\"": 3, "\"Enthusiastic\"": 2, "\"Proud\"": 2, "\"Irritable\"": 4, "\"Alert\"": 3, "\"Ashamed\"": 4, "\"Inspired\"": 3, "\"Nervous\"": 4, "\"Determined\"": 3, "\"Attentive\"": 3, "\"Jittery\"": 3, "\"Active\"": 3, "\"Afraid\"": 4}, "NA_score": 38, "PA_score": 27, "PHQ": {"\"Q0\"": 1, "\"Q1\"": 2, "\"Q2\"": 2, "\"Q3\"": 1, "\"Q0\"b": 0, "\"Q1\"b": 2, "\"Q2\"b": 1, "\"Q3\"b": 1}, "PHQ_score": 10, "GAD": {"\"Q0\"": 2, "\"Q1\"": 2, "\"Q2\"": 2, "\"Q3\"": 2, "\"Q0\"b": 2, "\"Q1\"b": 2, "\"Q2\"b": 2}, "GAD_score": 14, "length": 308, "options": [1, 2, 0, 3, 1, 1, 0, 1, 1, 1, 3, 1, 2, 1, 1, 0, 3, 3, 3, 3, 3, 3, 3, 3, 3, 2, 2, 2, 0, 0, 0, 1, 1, 1, 1, 3, 3, 3, 2, 1, 1, 1, 1, 3, 3, 3, 3, 3, 3, 3, 3, 3, 3, 2, 0, 0, 0, 0, 3, 3, 3, 3, 3, 3, 2, 1, 1, 1, 1, 1, 1, 1, 0, 1, 0, 0, 1, 1, 1, 1, 1, 1, 0, 1, 1, 1, 1, 0, 3, 3, 3, 3, 2, 2, 1, 1, 0, 1, 0, 1, 0, 1, 2, 1, 2, 1, 3, 1, 3, 1, 3, 1, 3, 1, 3, 1, 3, 2, 1, 0, 1, 3, 1, 1, 0, 1, 0, 1, 3, 1, 3, 1, 3, 1, 3, 1, 3, 1, 3, 1, 3, 1], "penalties": [0, 50, 0, 250, 0, 0, 250, 0, 0, 0, 250, 0, 50, 0, 1250, 250, 0, 0, 0, 0, 0, 0, 0, 0, 250, 0, 0, 50, 0, 0, 250, 0, 0, 0, 0, 0, 0, 250, 50, 0, 0, 0, 1250, 0, 0, 0, 0, 0, 0, 0, 0, 0, 250, 50, 0, 0, 0, 250, 0, 0, 0, 0, 0, 250, 50, 0, 0, 0, 0, 0, 0, 0, 250, 0, 0, 250, 0, 0, 0, 0, 0, 0, 250, 0, 0, 0, 1250, 250, 0, 0, 0, 250, 0, 0, 0, 0, 0, 0, 0, 0, 250, 0, 0, 0, 50, 0, 0, 0, 0, 0, 0, 0, 0, 0, 0, 0, 0, 50, 0, 0, 0, 0, 0, 1250, 0, 0, 250, 0, 0, 0, 0, 0, 0, 0, 0, 0, 0, 0, 0, 0, 0, 0], "rewards": [100, 50, 100, 50, 100, 100, 100, 100, 100, 100, 50, 100, 50, 100, 100, 100, 50, 50, 50, 50, 50, 50, 50, 50, 50, 50, 50, 50, 100, 100, 100, 100, 100, 100, 100, 50, 50, 50, 50, 100, 100, 100, 100, 50, 50, 50, 50, 50, 50, 50, 50, 50, 50, 50, 100, 100, 100, 100, 50, 50, 50, 50, 50, 50, 50, 100, 100, 100, 100, 100, 100, 100, 100, 100, 100, 100, 100, 100, 100, 100, 100, 100, 100, 100, 100, 100, 100, 100, 50, 50, 50, 50, 50, 50, 100, 100, 100, 100, 100, 100, 100, 100, 50, 100, 50, 100, 50, 100, 50, 100, 50, 100, 50, 100, 50, 100, 50, 50, 100, 100, 100, 50, 100, 100, 100, 100, 100, 100, 50, 100, 50, 100, 50, 100, 50, 100, 50, 100, 50, 100, 50, 100], "pvl_likelihood": 146.38456622400102, "pvl_w": 0.6299348188471761, "pvl_a": 0.6373994606445283, "pvl_c": 0.05217421963447469, "pvl_shape": 0.6618815958222448, "evpu_likelihood": 135.55755177956087, "evpu_w": 3.355759517472977e-08, "evpu_a": 0.4882017452132723, "evpu_c": -0.5062384809095677, "evpu_shape": 1.6760721849012923e-07, "vse_likelihood": 148.34778491641958, "vse_delta": 0.5859585277709594, "vse_alpha": 0.17447378982838882, "vse_phi": -0.08502281367353558, "vse_c": 0.2957615058791368, "vse_theta": 0.2618798835506446}