{"age": "25-34", "gender": "Female", "PANAS": {"\"Interested\"": 4, "\"Distressed\"": 2, "\"Excited\"": 4, "\"Upset\"": 3, "\"Strong\"": 4, "\"Guilty\"": 3, "\"Scared\"": 2, "\"Hostile\"": 1, "\"Enthusiastic\"": 4, "\"Proud\"": 3, "\"Irritable\"": 2, "\"Alert\"": 2, "\"Ashamed\"": 1, "\"Inspired\"": 4, "\"Nervous\"": 2, "\"Determined\"": 4, "\"Attentive\"": 3, "\"Jittery\"": 2, "\"Active\"": 4, "\"Afraid\"": 2}, "NA_score": 20, "PA_score": 36, "PHQ": {"\"Q0\"": 0, "\"Q1\"": 0, "\"Q2\"": 1, "\"Q3\"": 1, "\"Q0\"b": 1, "\"Q1\"b": 1, "\"Q2\"b": 1, "\"Q3\"b": 0}, "PHQ_score": 5, "GAD": {"\"Q0\"": 1, "\"Q1\"": 0, "\"Q2\"": 0, "\"Q3\"": 1, "\"Q0\"b": 0, "\"Q1\"b": 1, "\"Q2\"b": 1}, "GAD_score": 4, "length": 324, "options": [2, 2, 1, 3, 0, 2, 1, 0, 2, 1, 1, 1, 1, 1, 1, 1, 2, 3, 3, 2, 3, 0, 1, 1, 1, 1, 1, 1, 2, 2, 1, 1, 1, 1, 0, 1, 2, 1, 1, 1, 1, 1, 1, 1, 2, 3, 1, 3, 1, 1, 1, 1, 1, 1, 1, 1, 0, 0, 1, 1, 1, 1, 3, 2, 2, 3, 2, 3, 3, 3, 3, 2, 3, 2, 1, 1, 1, 1, 3, 2, 3, 2, 3, 2, 3, 2, 1, 1, 1, 1, 3, 3, 2, 3, 2, 1, 1, 1, 1, 1, 1, 1, 3, 2, 0, 3, 2, 3, 2, 3, 2, 2, 2, 1, 1, 1, 1, 1, 1, 1, 3, 2, 2, 2, 2, 1, 1, 1, 1, 1, 1, 2, 2, 3, 2, 2, 2, 2, 2, 2, 2, 2, 3, 2, 1, 1, 2, 2, 3, 2], "penalties": [50, 50, 1250, 0, 250, 0, 0, 250, 50, 0, 0, 0, 0, 0, 0, 1250, 0, 0, 0, 50, 250, 250, 0, 0, 0, 0, 0, 0, 0, 50, 0, 0, 0, 0, 250, 1250, 0, 0, 0, 0, 1250, 0, 0, 0, 50, 0, 0, 250, 0, 1250, 0, 0, 0, 1250, 0, 1250, 0, 250, 0, 0, 0, 0, 0, 0, 50, 0, 50, 0, 0, 0, 0, 0, 0, 50, 0, 0, 0, 0, 0, 0, 0, 0, 0, 0, 250, 50, 0, 0, 0, 0, 0, 250, 0, 0, 50, 1250, 0, 0, 0, 1250, 0, 0, 0, 0, 250, 0, 0, 0, 0, 250, 0, 0, 50, 0, 0, 0, 1250, 0, 0, 0, 0, 50, 0, 50, 50, 0, 0, 1250, 0, 0, 0, 0, 50, 250, 50, 0, 50, 0, 0, 0, 50, 50, 0, 50, 0, 0, 0, 50, 0, 50], "rewards": [50, 50, 100, 50, 100, 50, 100, 100, 50, 100, 100, 100, 100, 100, 100, 100, 50, 50, 50, 50, 50, 100, 100, 100, 100, 100, 100, 100, 50, 50, 100, 100, 100, 100, 100, 100, 50, 100, 100, 100, 100, 100, 100, 100, 50, 50, 100, 50, 100, 100, 100, 100, 100, 100, 100, 100, 100, 100, 100, 100, 100, 100, 50, 50, 50, 50, 50, 50, 50, 50, 50, 50, 50, 50, 100, 100, 100, 100, 50, 50, 50, 50, 50, 50, 50, 50, 100, 100, 100, 100, 50, 50, 50, 50, 50, 100, 100, 100, 100, 100, 100, 100, 50, 50, 100, 50, 50, 50, 50, 50, 50, 50, 50, 100, 100, 100, 100, 100, 100, 100, 50, 50, 50, 50, 50, 100, 100, 100, 100, 100, 100, 50, 50, 50, 50, 50, 50, 50, 50, 50, 50, 50, 50, 50, 100, 100, 50, 50, 50, 50], "pvl_likelihood": 166.39353966600112, "pvl_w": 0.21236321998731134, "pvl_a": 0.48570435597468664, "pvl_c": 0.7477758696039647, "pvl_shape": 0.012564839870282625, "evpu_likelihood": 184.4112252788239, "evpu_w": 4.5827571498485173e-08, "evpu_a": 0.342215908351411, "evpu_c": -0.019289309910484557, "evpu_shape": 0.11842692940102478, "vse_likelihood": 164.8048126901797, "vse_delta": 0.4545084122727321, "vse_alpha": 0.04433972316395223, "vse_phi": -0.4545420003650912, "vse_c": 0.741757594678522, "vse_theta": 8.697885560645271e-07, "wsls_likelihood": 95.85449836120748, "p_stay": 0.6250169926870094, "p_shift": 0.7110958108589621}