{"age": "25-34", "gender": "Male", "PANAS": {"\"Interested\"": 3, "\"Distressed\"": 3, "\"Excited\"": 2, "\"Upset\"": 3, "\"Strong\"": 2, "\"Guilty\"": 2, "\"Scared\"": 4, "\"Hostile\"": 1, "\"Enthusiastic\"": 2, "\"Proud\"": 1, "\"Irritable\"": 4, "\"Alert\"": 2, "\"Ashamed\"": 1, "\"Inspired\"": 1, "\"Nervous\"": 4, "\"Determined\"": 4, "\"Attentive\"": 2, "\"Jittery\"": 2, "\"Active\"": 3, "\"Afraid\"": 4}, "NA_score": 28, "PA_score": 22, "PHQ": {"\"Q0\"": 2, "\"Q1\"": 2, "\"Q2\"": 3, "\"Q3\"": 2, "\"Q0\"b": 2, "\"Q1\"b": 2, "\"Q2\"b": 1, "\"Q3\"b": 0}, "PHQ_score": 14, "GAD": {"\"Q0\"": 1, "\"Q1\"": 0, "\"Q2\"": 2, "\"Q3\"": 2, "\"Q0\"b": 1, "\"Q1\"b": 2, "\"Q2\"b": 2}, "GAD_score": 10, "length": 152, "options": [1, 1, 1, 1, 1, 1, 1, 1, 1, 1, 1, 2, 0, 3, 1, 1, 1, 1, 1, 2, 0, 0, 0, 1, 1, 1, 1, 1, 0, 1, 1, 1, 1, 1, 1, 1, 1, 1, 1, 1, 1, 1, 1, 1, 1, 1, 1, 1, 1, 1, 1, 1, 1, 2, 1, 3, 1, 1, 1, 1, 1, 1, 1, 3], "penalties": [0, 0, 0, 0, 0, 0, 0, 0, 0, 0, 1250, 0, 250, 0, 0, 0, 0, 0, 1250, 50, 0, 0, 250, 0, 0, 0, 0, 0, 250, 0, 0, 0, 0, 0, 0, 0, 0, 0, 0, 0, 0, 1250, 0, 0, 0, 0, 0, 0, 0, 0, 0, 0, 0, 50, 0, 0, 0, 0, 0, 0, 0, 0, 0, 0], "rewards": [100, 100, 100, 100, 100, 100, 100, 100, 100, 100, 100, 50, 100, 50, 100, 100, 100, 100, 100, 50, 100, 100, 100, 100, 100, 100, 100, 100, 100, 100, 100, 100, 100, 100, 100, 100, 100, 100, 100, 100, 100, 100, 100, 100, 100, 100, 100, 100, 100, 100, 100, 100, 100, 50, 100, 50, 100, 100, 100, 100, 100, 100, 100, 50], "pvl_likelihood": 35.82209836941588, "pvl_w": 0.25094987938868263, "pvl_a": 0.47966728682912074, "pvl_c": 0.1570689516247984, "pvl_shape": 0.5185488526570241, "evpu_likelihood": 52.74205257325567, "evpu_w": 0.0010048000721094635, "evpu_a": 0.9999987364722109, "evpu_c": 0.059265254642604875, "evpu_shape": 0.3135825804202592, "vse_likelihood": 39.55476742018991, "vse_delta": 0.13199451638865778, "vse_alpha": 1.1760900050037114e-07, "vse_phi": -0.14839548309525205, "vse_c": 0.5283921456408895, "vse_theta": 0.2857662415100954, "wsls_likelihood": 21.967735223932436, "p_stay": 0.890933451329738, "p_shift": 0.8750050985030131}