{"age": "18-25", "gender": "Male", "PANAS": {"\"Interested\"": 2, "\"Distressed\"": 3, "\"Excited\"": 2, "\"Upset\"": 4, "\"Strong\"": 2, "\"Guilty\"": 1, "\"Scared\"": 5, "\"Hostile\"": 2, "\"Enthusiastic\"": 2, "\"Proud\"": 2, "\"Irritable\"": 1, "\"Alert\"": 3, "\"Ashamed\"": 3, "\"Inspired\"": 2, "\"Nervous\"": 4, "\"Determined\"": 3, "\"Attentive\"": 3, "\"Jittery\"": 2, "\"Active\"": 3, "\"Afraid\"": 4}, "NA_score": 29, "PA_score": 24, "PHQ": {"\"Q0\"": 1, "\"Q1\"": 2, "\"Q2\"": 1, "\"Q3\"": 1, "\"Q0\"b": 1, "\"Q1\"b": 1, "\"Q2\"b": 1, "\"Q3\"b": 1}, "PHQ_score": 9, "GAD": {"\"Q0\"": 2, "\"Q1\"": 2, "\"Q2\"": 2, "\"Q3\"": 2, "\"Q0\"b": 1, "\"Q1\"b": 0, "\"Q2\"b": 1}, "GAD_score": 10, "length": 102, "options": [3, 0, 1, 1, 1, 2, 1, 1, 1, 1, 1, 1, 0, 1, 1, 1, 1, 1, 1, 2, 1, 1, 1, 2, 2, 1, 1, 1, 2, 1, 1, 1, 1, 2, 1, 1, 1, 2, 1], "penalties": [0, 250, 0, 0, 0, 50, 0, 0, 0, 0, 0, 1250, 250, 0, 0, 0, 0, 0, 0, 0, 0, 0, 0, 0, 0, 0, 0, 0, 50, 0, 0, 0, 0, 50, 0, 0, 0, 50, 0], "rewards": [50, 100, 100, 100, 100, 50, 100, 100, 100, 100, 100, 100, 100, 100, 100, 100, 100, 100, 100, 50, 100, 100, 100, 50, 50, 100, 100, 100, 50, 100, 100, 100, 100, 50, 100, 100, 100, 50, 100], "pvl_likelihood": 38.50506956963002, "pvl_w": 2.5786934926557e-07, "pvl_a": 0.16031794716184672, "pvl_c": 0.5226089258056431, "pvl_shape": 0.1970109092067491, "evpu_likelihood": 43.89156533073496, "evpu_w": 8.993519810552863e-07, "evpu_a": 0.9999943613501779, "evpu_c": 0.25981818686121727, "evpu_shape": 0.3370915766141507, "vse_likelihood": 33.73796158441679, "vse_delta": 0.8027135165614521, "vse_alpha": 0.08488337198342805, "vse_phi": -0.18667985686064384, "vse_c": 0.21393592661144623, "vse_theta": 0.2076789100193668, "wsls_likelihood": 21.546462434488294, "p_stay": 0.7096675828747044, "p_shift": 0.85711042578752}