{"age": "18-25", "gender": "Female", "PANAS": {"\"Interested\"": 4, "\"Distressed\"": 5, "\"Excited\"": 1, "\"Upset\"": 5, "\"Strong\"": 4, "\"Guilty\"": 1, "\"Scared\"": 2, "\"Hostile\"": 1, "\"Enthusiastic\"": 1, "\"Proud\"": 2, "\"Irritable\"": 4, "\"Alert\"": 5, "\"Ashamed\"": 1, "\"Inspired\"": 1, "\"Nervous\"": 5, "\"Determined\"": 3, "\"Attentive\"": 5, "\"Jittery\"": 5, "\"Active\"": 1, "\"Afraid\"": 5}, "NA_score": 34, "PA_score": 27, "PHQ": {"\"Q0\"": 1, "\"Q1\"": 2, "\"Q2\"": 3, "\"Q3\"": 2, "\"Q0\"b": 0, "\"Q1\"b": 1, "\"Q2\"b": 2, "\"Q3\"b": 2}, "PHQ_score": 13, "GAD": {"\"Q0\"": 3, "\"Q1\"": 3, "\"Q2\"": 3, "\"Q3\"": 2, "\"Q0\"b": 3, "\"Q1\"b": 3, "\"Q2\"b": 3}, "GAD_score": 20, "length": 124, "options": [0, 1, 3, 2, 1, 0, 0, 2, 1, 3, 1, 1, 1, 1, 2, 1, 1, 0, 3, 1, 0, 2, 1, 1, 0, 1, 1, 0, 2, 3, 1, 0, 2, 0, 1, 2, 2, 3, 1, 0, 1, 1, 1, 0, 1, 1, 1, 1, 1, 1], "penalties": [250, 0, 0, 0, 0, 0, 0, 50, 0, 0, 0, 0, 0, 0, 0, 1250, 0, 250, 0, 0, 250, 0, 0, 0, 0, 0, 0, 250, 0, 0, 0, 0, 0, 0, 0, 0, 50, 0, 0, 250, 0, 0, 0, 250, 0, 0, 0, 0, 0, 0], "rewards": [100, 100, 50, 50, 100, 100, 100, 50, 100, 50, 100, 100, 100, 100, 50, 100, 100, 100, 50, 100, 100, 50, 100, 100, 100, 100, 100, 100, 50, 50, 100, 100, 50, 100, 100, 50, 50, 50, 100, 100, 100, 100, 100, 100, 100, 100, 100, 100, 100, 100], "pvl_likelihood": 61.045959210218534, "pvl_w": 0.2651011521434173, "pvl_a": 0.9999987353736426, "pvl_c": 0.006064003929126371, "pvl_shape": 0.6406436598708545, "evpu_likelihood": 60.11364969177413, "evpu_w": 0.017468814307115207, "evpu_a": 9.816405449391446e-08, "evpu_c": -3.87608102697817, "evpu_shape": 1.0311260347901237, "vse_likelihood": 67.37868192745246, "vse_delta": 0.08762923702678584, "vse_alpha": 7.268383030785293e-08, "vse_phi": -0.2825735527576618, "vse_c": 0.450911730563684, "vse_theta": 0.009615220342787206, "wsls_likelihood": 29.03735447375174, "p_stay": 0.3499862480240883, "p_shift": 0.8889158618637087}