{"age": "18-25", "gender": "Male", "PANAS": {"\"Interested\"": 4, "\"Distressed\"": 3, "\"Excited\"": 4, "\"Upset\"": 1, "\"Strong\"": 4, "\"Guilty\"": 1, "\"Scared\"": 3, "\"Hostile\"": 4, "\"Enthusiastic\"": 3, "\"Proud\"": 4, "\"Irritable\"": 3, "\"Alert\"": 5, "\"Ashamed\"": 1, "\"Inspired\"": 5, "\"Nervous\"": 2, "\"Determined\"": 4, "\"Attentive\"": 3, "\"Jittery\"": 3, "\"Active\"": 4, "\"Afraid\"": 4}, "NA_score": 25, "PA_score": 40, "PHQ": {"\"Q0\"": 3, "\"Q1\"": 0, "\"Q2\"": 0, "\"Q3\"": 0, "\"Q0\"b": 0, "\"Q1\"b": 0, "\"Q2\"b": 0, "\"Q3\"b": 0}, "PHQ_score": 3, "GAD": {"\"Q0\"": 0, "\"Q1\"": 1, "\"Q2\"": 1, "\"Q3\"": 0, "\"Q0\"b": 0, "\"Q1\"b": 1, "\"Q2\"b": 2}, "GAD_score": 5, "length": 154, "options": [0, 3, 2, 2, 1, 0, 2, 2, 2, 2, 2, 2, 2, 2, 2, 3, 3, 3, 3, 3, 3, 3, 2, 2, 1, 1, 1, 3, 2, 1, 3, 2, 1, 3, 1, 2, 3, 1, 2, 1, 1, 1, 3, 2, 1, 1, 1, 2, 3, 3, 2, 3, 3, 0, 1, 2, 0, 3, 1, 1, 0, 2, 3, 3, 1], "penalties": [250, 0, 50, 0, 0, 250, 0, 0, 0, 0, 0, 0, 0, 0, 50, 0, 0, 0, 0, 0, 0, 250, 0, 50, 0, 0, 0, 0, 0, 0, 0, 50, 0, 0, 0, 50, 0, 1250, 0, 0, 0, 0, 0, 0, 0, 0, 0, 50, 0, 0, 50, 0, 0, 0, 0, 50, 250, 0, 0, 0, 250, 0, 0, 0, 0], "rewards": [100, 50, 50, 50, 100, 100, 50, 50, 50, 50, 50, 50, 50, 50, 50, 50, 50, 50, 50, 50, 50, 50, 50, 50, 100, 100, 100, 50, 50, 100, 50, 50, 100, 50, 100, 50, 50, 100, 50, 100, 100, 100, 50, 50, 100, 100, 100, 50, 50, 50, 50, 50, 50, 100, 100, 50, 100, 50, 100, 100, 100, 50, 50, 50, 100], "pvl_likelihood": 80.99922671588317, "pvl_w": 1.3090778349099512, "pvl_a": 0.6369021463202035, "pvl_c": 0.49140363563093514, "pvl_shape": 3.891284788620175e-09, "evpu_likelihood": 82.18201558163639, "evpu_w": 0.21014967370769677, "evpu_a": 0.09826714893512532, "evpu_c": -0.18667315969879583, "evpu_shape": 4.561377975465226e-09, "vse_likelihood": 81.75138465017683, "vse_delta": 5.566635225077993e-07, "vse_alpha": 0.1123232162689956, "vse_phi": -0.4181084520922957, "vse_c": 0.3949075016435625, "vse_theta": 0.1596123563618067, "wsls_likelihood": 38.219809414078746, "p_stay": 0.5199838104341392, "p_shift": 0.9285464726777404}