{"age": "25-34", "gender": "Female", "PANAS": {"\"Interested\"": 4, "\"Distressed\"": 2, "\"Excited\"": 3, "\"Upset\"": 2, "\"Strong\"": 4, "\"Guilty\"": 1, "\"Scared\"": 3, "\"Hostile\"": 3, "\"Enthusiastic\"": 3, "\"Proud\"": 5, "\"Irritable\"": 2, "\"Alert\"": 2, "\"Ashamed\"": 1, "\"Inspired\"": 3, "\"Nervous\"": 3, "\"Determined\"": 5, "\"Attentive\"": 5, "\"Jittery\"": 3, "\"Active\"": 4, "\"Afraid\"": 2}, "NA_score": 22, "PA_score": 38, "PHQ": {"\"Q0\"": 1, "\"Q1\"": 0, "\"Q2\"": 1, "\"Q3\"": 1, "\"Q0\"b": 1, "\"Q1\"b": 0, "\"Q2\"b": 0, "\"Q3\"b": 0}, "PHQ_score": 4, "GAD": {"\"Q0\"": 2, "\"Q1\"": 2, "\"Q2\"": 2, "\"Q3\"": 2, "\"Q0\"b": 1, "\"Q1\"b": 2, "\"Q2\"b": 2}, "GAD_score": 13, "length": 134, "options": [2, 1, 0, 1, 1, 3, 1, 3, 1, 2, 1, 0, 1, 3, 1, 0, 2, 1, 1, 1, 1, 1, 1, 2, 3, 0, 1, 1, 1, 1, 1, 1, 2, 2, 2, 3, 0, 2, 3, 1, 0, 1, 1, 1, 2, 3, 0, 3, 3, 2, 3, 3, 1, 0, 1], "penalties": [50, 0, 250, 0, 0, 0, 0, 0, 0, 0, 0, 0, 0, 0, 0, 250, 50, 0, 0, 0, 0, 0, 1250, 0, 0, 250, 0, 0, 0, 0, 0, 0, 0, 50, 0, 0, 0, 0, 0, 0, 250, 0, 0, 0, 0, 0, 250, 0, 250, 50, 0, 0, 0, 0, 0], "rewards": [50, 100, 100, 100, 100, 50, 100, 50, 100, 50, 100, 100, 100, 50, 100, 100, 50, 100, 100, 100, 100, 100, 100, 50, 50, 100, 100, 100, 100, 100, 100, 100, 50, 50, 50, 50, 100, 50, 50, 100, 100, 100, 100, 100, 50, 50, 100, 50, 50, 50, 50, 50, 100, 100, 100], "pvl_likelihood": 69.74373924500112, "pvl_w": 0.5998575005801977, "pvl_a": 0.5970533502632439, "pvl_c": 0.028867039915770745, "pvl_shape": 0.6904383506274618, "evpu_likelihood": 73.01578194606638, "evpu_w": 8.263081110386897e-09, "evpu_a": 0.02418710253436332, "evpu_c": -0.24676392795280755, "evpu_shape": 0.10866775010001928, "vse_likelihood": 61.56229072293742, "vse_delta": 0.589071906199353, "vse_alpha": 0.04715911492116958, "vse_phi": 6.322164035455538, "vse_c": 0.9320830450710161, "vse_theta": 0.0523799548407698, "wsls_likelihood": 32.20746523997806, "p_stay": 0.39535466502510713, "p_shift": 0.9091117006570364}