{"age": "18-25", "gender": "Female", "PANAS": {"\"Interested\"": 4, "\"Distressed\"": 4, "\"Excited\"": 4, "\"Upset\"": 5, "\"Strong\"": 1, "\"Guilty\"": 5, "\"Scared\"": 2, "\"Hostile\"": 5, "\"Enthusiastic\"": 1, "\"Proud\"": 1, "\"Irritable\"": 5, "\"Alert\"": 4, "\"Ashamed\"": 5, "\"Inspired\"": 2, "\"Nervous\"": 3, "\"Determined\"": 2, "\"Attentive\"": 2, "\"Jittery\"": 2, "\"Active\"": 2, "\"Afraid\"": 2}, "NA_score": 38, "PA_score": 23, "PHQ": {"\"Q0\"": 1, "\"Q1\"": 3, "\"Q2\"": 3, "\"Q3\"": 3, "\"Q0\"b": 3, "\"Q1\"b": 3, "\"Q2\"b": 2, "\"Q3\"b": 1}, "PHQ_score": 19, "GAD": {"\"Q0\"": 2, "\"Q1\"": 3, "\"Q2\"": 3, "\"Q3\"": 2, "\"Q0\"b": 0, "\"Q1\"b": 2, "\"Q2\"b": 3}, "GAD_score": 15, "length": 266, "options": [0, 2, 3, 1, 3, 0, 1, 1, 2, 3, 1, 1, 0, 0, 1, 2, 1, 1, 3, 0, 1, 1, 0, 3, 3, 3, 3, 2, 2, 2, 0, 0, 1, 1, 3, 3, 2, 2, 0, 1, 3, 1, 1, 3, 1, 1, 3, 3, 1, 0, 3, 2, 2, 3, 3, 3, 0, 1, 1, 1, 1, 1, 2, 2, 3, 3, 3, 3, 3, 3, 3, 3, 3, 3, 1, 1, 3, 3, 3, 3, 1, 1, 1, 3, 3, 3, 3, 3, 1, 1, 1, 3, 3, 3, 3, 1, 1, 3, 3, 3, 3, 3, 3, 1, 1, 3, 3, 3, 3, 1, 1, 3, 3, 3, 3, 1, 1, 3, 3, 3, 3], "penalties": [250, 0, 0, 0, 0, 0, 0, 0, 50, 0, 0, 0, 0, 0, 0, 50, 0, 0, 0, 250, 0, 1250, 250, 0, 0, 0, 250, 0, 0, 0, 0, 250, 0, 0, 0, 0, 0, 50, 250, 0, 0, 0, 0, 0, 0, 0, 0, 0, 1250, 250, 250, 0, 50, 0, 0, 0, 250, 0, 0, 0, 0, 1250, 50, 50, 0, 0, 0, 0, 250, 0, 0, 0, 0, 0, 0, 0, 0, 0, 0, 0, 0, 0, 0, 0, 0, 0, 0, 250, 0, 0, 0, 0, 0, 0, 0, 0, 0, 0, 250, 0, 0, 0, 0, 0, 0, 0, 0, 0, 0, 0, 0, 0, 0, 0, 0, 0, 0, 0, 0, 0, 0], "rewards": [100, 50, 50, 100, 50, 100, 100, 100, 50, 50, 100, 100, 100, 100, 100, 50, 100, 100, 50, 100, 100, 100, 100, 50, 50, 50, 50, 50, 50, 50, 100, 100, 100, 100, 50, 50, 50, 50, 100, 100, 50, 100, 100, 50, 100, 100, 50, 50, 100, 100, 50, 50, 50, 50, 50, 50, 100, 100, 100, 100, 100, 100, 50, 50, 50, 50, 50, 50, 50, 50, 50, 50, 50, 50, 100, 100, 50, 50, 50, 50, 100, 100, 100, 50, 50, 50, 50, 50, 100, 100, 100, 50, 50, 50, 50, 100, 100, 50, 50, 50, 50, 50, 50, 100, 100, 50, 50, 50, 50, 100, 100, 50, 50, 50, 50, 100, 100, 50, 50, 50, 50], "pvl_likelihood": 134.37229684614655, "pvl_w": 2.678981423592206e-07, "pvl_a": 0.027670972178439283, "pvl_c": 0.5557557156347748, "pvl_shape": 0.1581790478317161, "evpu_likelihood": 130.84763717527858, "evpu_w": 0.7862143213538599, "evpu_a": 0.9999996905690411, "evpu_c": -0.06320703613430842, "evpu_shape": 0.030624903727577927, "vse_likelihood": 130.04553712097737, "vse_delta": 1.0670349084377666e-07, "vse_alpha": 0.04283504124732783, "vse_phi": -0.6296466354683048, "vse_c": 0.5010423198570377, "vse_theta": 0.18744043538533284, "wsls_likelihood": 72.92360850771735, "p_stay": 0.6464499709359979, "p_shift": 0.8571085624522881}