{"age": "18-25", "gender": "Female", "PANAS": {"\"Interested\"": 4, "\"Distressed\"": 4, "\"Excited\"": 5, "\"Upset\"": 1, "\"Strong\"": 4, "\"Guilty\"": 1, "\"Scared\"": 1, "\"Hostile\"": 4, "\"Enthusiastic\"": 5, "\"Proud\"": 5, "\"Irritable\"": 1, "\"Alert\"": 1, "\"Ashamed\"": 1, "\"Inspired\"": 5, "\"Nervous\"": 2, "\"Determined\"": 5, "\"Attentive\"": 5, "\"Jittery\"": 3, "\"Active\"": 5, "\"Afraid\"": 1}, "NA_score": 19, "PA_score": 44, "PHQ": {"\"Q0\"": 0, "\"Q1\"": 0, "\"Q2\"": 1, "\"Q3\"": 1, "\"Q0\"b": 1, "\"Q1\"b": 1, "\"Q2\"b": 0, "\"Q3\"b": 0}, "PHQ_score": 4, "GAD": {"\"Q0\"": 0, "\"Q1\"": 0, "\"Q2\"": 1, "\"Q3\"": 0, "\"Q0\"b": 0, "\"Q1\"b": 0, "\"Q2\"b": 0}, "GAD_score": 1, "length": 68, "options": [2, 0, 0, 3, 1, 2, 1, 0, 3, 1, 2, 1, 0, 1, 3, 2, 1, 0, 0, 1, 1, 1], "penalties": [50, 0, 0, 0, 0, 0, 0, 0, 0, 0, 0, 0, 0, 0, 0, 50, 0, 0, 250, 0, 0, 0], "rewards": [50, 100, 100, 50, 100, 50, 100, 100, 50, 100, 50, 100, 100, 100, 50, 50, 100, 100, 100, 100, 100, 100], "pvl_likelihood": 30.49847594463759, "pvl_w": 6.249999999954526e-05, "pvl_a": 6.249999999954526e-05, "pvl_c": 1.8189894035458565e-15, "pvl_shape": 6.249999999954526e-05, "evpu_likelihood": 28.675952273502627, "evpu_w": 0.015939395047336963, "evpu_a": 8.327647130638973e-07, "evpu_c": 2.037316339015443, "evpu_shape": 3.535242237078772, "vse_likelihood": 30.498201286856396, "vse_delta": 0.0, "vse_alpha": 0.0, "vse_phi": 0.0, "vse_c": 0.00025, "vse_theta": 0.0, "wsls_likelihood": 10.171327948144347, "p_stay": 0.17646856343426326, "p_shift": 0.7499898837245154}