{"age": "18-25", "gender": "Male", "PANAS": {"\"Interested\"": 3, "\"Distressed\"": 5, "\"Excited\"": 3, "\"Upset\"": 5, "\"Strong\"": 2, "\"Guilty\"": 2, "\"Scared\"": 3, "\"Hostile\"": 4, "\"Enthusiastic\"": 1, "\"Proud\"": 2, "\"Irritable\"": 4, "\"Alert\"": 4, "\"Ashamed\"": 3, "\"Inspired\"": 2, "\"Nervous\"": 5, "\"Determined\"": 5, "\"Attentive\"": 4, "\"Jittery\"": 4, "\"Active\"": 3, "\"Afraid\"": 4}, "NA_score": 39, "PA_score": 29, "PHQ": {"\"Q0\"": 3, "\"Q1\"": 3, "\"Q2\"": 3, "\"Q3\"": 3, "\"Q0\"b": 2, "\"Q1\"b": 3, "\"Q2\"b": 3, "\"Q3\"b": 1}, "PHQ_score": 21, "GAD": {"\"Q0\"": 2, "\"Q1\"": 3, "\"Q2\"": 3, "\"Q3\"": 3, "\"Q0\"b": 0, "\"Q1\"b": 3, "\"Q2\"b": 3}, "GAD_score": 17, "length": 168, "options": [0, 1, 2, 2, 3, 3, 2, 3, 3, 3, 1, 3, 3, 3, 3, 3, 0, 1, 3, 3, 2, 3, 0, 3, 2, 3, 3, 3, 0, 1, 3, 2, 1, 1, 1, 1, 2, 2, 2, 2, 1, 2, 2, 2, 2, 3, 2, 2, 1, 3, 2, 3, 3, 3, 2, 2, 3, 3, 3, 2, 3, 2, 1, 2, 2, 2, 3, 2, 2, 3, 2, 1], "penalties": [0, 0, 50, 50, 0, 0, 0, 0, 0, 250, 0, 0, 0, 0, 0, 0, 0, 0, 0, 0, 0, 0, 250, 0, 50, 0, 0, 0, 0, 0, 250, 50, 0, 0, 0, 1250, 0, 0, 50, 0, 0, 0, 0, 0, 50, 0, 50, 0, 0, 0, 50, 0, 0, 0, 0, 0, 250, 0, 0, 50, 0, 50, 0, 50, 0, 50, 0, 0, 50, 0, 0, 0], "rewards": [100, 100, 50, 50, 50, 50, 50, 50, 50, 50, 100, 50, 50, 50, 50, 50, 100, 100, 50, 50, 50, 50, 100, 50, 50, 50, 50, 50, 100, 100, 50, 50, 100, 100, 100, 100, 50, 50, 50, 50, 100, 50, 50, 50, 50, 50, 50, 50, 100, 50, 50, 50, 50, 50, 50, 50, 50, 50, 50, 50, 50, 50, 100, 50, 50, 50, 50, 50, 50, 50, 50, 100], "pvl_likelihood": 93.5899945281431, "pvl_w": 0.15612589483876177, "pvl_a": 0.6394362120627775, "pvl_c": 0.009876201458587131, "pvl_shape": 0.9999948885222281, "evpu_likelihood": 99.81319400063212, "evpu_w": 0.0, "evpu_a": 0.0, "evpu_c": 0.0, "evpu_shape": 0.0, "vse_likelihood": 90.76443265129316, "vse_delta": 0.013398324106470473, "vse_alpha": 0.058161722961161004, "vse_phi": -3.873320614279311, "vse_c": 0.25255137475121564, "vse_theta": 0.20966240958259186, "wsls_likelihood": 47.28701020175887, "p_stay": 0.4717440464640275, "p_shift": 0.7221951888074511}