{"age": "18-25", "gender": "Male", "PANAS": {"\"Interested\"": 4, "\"Distressed\"": 3, "\"Excited\"": 3, "\"Upset\"": 2, "\"Strong\"": 3, "\"Guilty\"": 1, "\"Scared\"": 1, "\"Hostile\"": 2, "\"Enthusiastic\"": 3, "\"Proud\"": 3, "\"Irritable\"": 4, "\"Alert\"": 3, "\"Ashamed\"": 1, "\"Inspired\"": 1, "\"Nervous\"": 1, "\"Determined\"": 3, "\"Attentive\"": 3, "\"Jittery\"": 1, "\"Active\"": 3, "\"Afraid\"": 1}, "NA_score": 17, "PA_score": 29, "PHQ": {"\"Q0\"": 1, "\"Q1\"": 0, "\"Q2\"": 0, "\"Q3\"": 1, "\"Q0\"b": 0, "\"Q1\"b": 0, "\"Q2\"b": 0, "\"Q3\"b": 0}, "PHQ_score": 2, "GAD": {"\"Q0\"": 0, "\"Q1\"": 0, "\"Q2\"": 0, "\"Q3\"": 1, "\"Q0\"b": 0, "\"Q1\"b": 1, "\"Q2\"b": 0}, "GAD_score": 2, "length": 58, "options": [3, 3, 0, 0, 2, 1, 3, 1, 1, 1, 1, 1, 1, 1, 1, 1, 1], "penalties": [0, 0, 0, 0, 0, 0, 0, 0, 0, 0, 0, 0, 0, 0, 0, 0, 0], "rewards": [50, 50, 100, 100, 50, 100, 50, 100, 100, 100, 100, 100, 100, 100, 100, 100, 100], "pvl_likelihood": 14.182618348014381, "pvl_w": 0.9987410422698985, "pvl_a": 0.7169684134245086, "pvl_c": 0.014025214448115862, "pvl_shape": 0.9569094682488806, "evpu_likelihood": 23.56700413903814, "evpu_w": 0.0, "evpu_a": 0.0, "evpu_c": 0.0, "evpu_shape": 0.0, "vse_likelihood": 14.200738676762878, "vse_delta": 0.5287583587589095, "vse_alpha": 8.319527989024108e-08, "vse_phi": -0.516657720959504, "vse_c": 0.41449010483960125, "vse_theta": 0.23047973710112152, "wsls_likelihood": 9.937381992883921, "p_stay": 0.6874999999999991, "p_shift": 0.4062499999999998}