{"age": "18-25", "gender": "Female", "PANAS": {"\"Interested\"": 4, "\"Distressed\"": 3, "\"Excited\"": 4, "\"Upset\"": 3, "\"Strong\"": 4, "\"Guilty\"": 4, "\"Scared\"": 3, "\"Hostile\"": 3, "\"Enthusiastic\"": 4, "\"Proud\"": 2, "\"Irritable\"": 4, "\"Alert\"": 4, "\"Ashamed\"": 2, "\"Inspired\"": 4, "\"Nervous\"": 4, "\"Determined\"": 3, "\"Attentive\"": 3, "\"Jittery\"": 2, "\"Active\"": 4, "\"Afraid\"": 3}, "NA_score": 31, "PA_score": 36, "PHQ": {"\"Q0\"": 1, "\"Q1\"": 1, "\"Q2\"": 2, "\"Q3\"": 1, "\"Q0\"b": 1, "\"Q1\"b": 1, "\"Q2\"b": 2, "\"Q3\"b": 0}, "PHQ_score": 9, "GAD": {"\"Q0\"": 1, "\"Q1\"": 1, "\"Q2\"": 2, "\"Q3\"": 1, "\"Q0\"b": 1, "\"Q1\"b": 0, "\"Q2\"b": 1}, "GAD_score": 7, "length": 136, "options": [1, 0, 2, 3, 1, 1, 2, 2, 3, 1, 0, 1, 1, 1, 1, 1, 1, 1, 1, 2, 3, 0, 0, 2, 3, 3, 2, 3, 3, 2, 2, 3, 2, 1, 1, 1, 3, 2, 1, 3, 1, 2, 3, 2, 1, 3, 3, 1, 3, 2, 2, 3, 2, 3, 2, 3], "penalties": [0, 250, 0, 0, 0, 0, 0, 0, 0, 0, 250, 0, 0, 0, 0, 0, 0, 0, 1250, 0, 0, 0, 250, 0, 0, 0, 0, 0, 0, 0, 0, 250, 50, 0, 0, 0, 0, 0, 0, 0, 0, 0, 0, 50, 0, 0, 0, 0, 0, 0, 0, 0, 50, 0, 50, 0], "rewards": [100, 100, 50, 50, 100, 100, 50, 50, 50, 100, 100, 100, 100, 100, 100, 100, 100, 100, 100, 50, 50, 100, 100, 50, 50, 50, 50, 50, 50, 50, 50, 50, 50, 100, 100, 100, 50, 50, 100, 50, 100, 50, 50, 50, 100, 50, 50, 100, 50, 50, 50, 50, 50, 50, 50, 50], "pvl_likelihood": 71.94249500104215, "pvl_w": 0.054876555355622955, "pvl_a": 0.7445079772344381, "pvl_c": 0.1452542648502623, "pvl_shape": 0.2715653094689695, "evpu_likelihood": 69.7048236091226, "evpu_w": 2.2330194788672196e-08, "evpu_a": 0.5467245641618573, "evpu_c": -0.22525647734661636, "evpu_shape": 5.708130126781468e-08, "vse_likelihood": 66.76432950098322, "vse_delta": 0.876975201301589, "vse_alpha": 0.9999999580406287, "vse_phi": -3.685467627494618, "vse_c": 0.00932670401223344, "vse_theta": 0.8709455616448082, "wsls_likelihood": 33.440787195776096, "p_stay": 0.3695608339726893, "p_shift": 0.8888731001578847}