{"age": "25-34", "gender": "Female", "PANAS": {"\"Interested\"": 3, "\"Distressed\"": 2, "\"Excited\"": 2, "\"Upset\"": 2, "\"Strong\"": 1, "\"Guilty\"": 1, "\"Scared\"": 1, "\"Hostile\"": 1, "\"Enthusiastic\"": 2, "\"Proud\"": 1, "\"Irritable\"": 1, "\"Alert\"": 3, "\"Ashamed\"": 1, "\"Inspired\"": 1, "\"Nervous\"": 2, "\"Determined\"": 1, "\"Attentive\"": 2, "\"Jittery\"": 1, "\"Active\"": 1, "\"Afraid\"": 1}, "NA_score": 13, "PA_score": 17, "PHQ": {"\"Q0\"": 1, "\"Q1\"": 0, "\"Q2\"": 1, "\"Q3\"": 3, "\"Q0\"b": 0, "\"Q1\"b": 0, "\"Q2\"b": 1, "\"Q3\"b": 0}, "PHQ_score": 6, "GAD": {"\"Q0\"": 1, "\"Q1\"": 0, "\"Q2\"": 0, "\"Q3\"": 0, "\"Q0\"b": 0, "\"Q1\"b": 0, "\"Q2\"b": 0}, "GAD_score": 1, "length": 74, "options": [2, 3, 0, 1, 1, 2, 1, 3, 3, 0, 1, 1, 1, 1, 1, 1, 3, 1, 2, 1, 2, 3, 1, 1, 1], "penalties": [0, 250, 0, 0, 0, 50, 0, 0, 0, 250, 0, 0, 0, 0, 0, 0, 0, 0, 0, 0, 0, 0, 0, 0, 0], "rewards": [50, 50, 100, 100, 100, 50, 100, 50, 50, 100, 100, 100, 100, 100, 100, 100, 50, 100, 50, 100, 50, 50, 100, 100, 100], "pvl_likelihood": 29.47538588218837, "pvl_w": 0.9815282178486784, "pvl_a": 0.8253115701735032, "pvl_c": 0.004452895079614471, "pvl_shape": 0.9999997310773718, "evpu_likelihood": 29.37393836274866, "evpu_w": 0.4750773595504064, "evpu_a": 0.9999999995845512, "evpu_c": 3.1236006053913794, "evpu_shape": 1.5998705445554564, "vse_likelihood": 31.8023081970074, "vse_delta": 0.0483872886586222, "vse_alpha": 0.07971890877883445, "vse_phi": -0.31416117628266726, "vse_c": 0.6124299599809926, "vse_theta": 4.5172498536377244e-08, "wsls_likelihood": 14.34107042552574, "p_stay": 0.4285296874974713, "p_shift": 0.9999999492957448}