{"age": "45-54", "gender": "Female", "PANAS": {"\"Interested\"": 3, "\"Distressed\"": 3, "\"Excited\"": 4, "\"Upset\"": 3, "\"Strong\"": 3, "\"Guilty\"": 4, "\"Scared\"": 4, "\"Hostile\"": 3, "\"Enthusiastic\"": 3, "\"Proud\"": 3, "\"Irritable\"": 2, "\"Alert\"": 2, "\"Ashamed\"": 3, "\"Inspired\"": 3, "\"Nervous\"": 2, "\"Determined\"": 3, "\"Attentive\"": 3, "\"Jittery\"": 3, "\"Active\"": 4, "\"Afraid\"": 3}, "NA_score": 30, "PA_score": 31, "PHQ": {"\"Q0\"": 1, "\"Q1\"": 2, "\"Q2\"": 2, "\"Q3\"": 1, "\"Q0\"b": 1, "\"Q1\"b": 1, "\"Q2\"b": 2, "\"Q3\"b": 1}, "PHQ_score": 11, "GAD": {"\"Q0\"": 1, "\"Q1\"": 1, "\"Q2\"": 2, "\"Q3\"": 2, "\"Q0\"b": 1, "\"Q1\"b": 1, "\"Q2\"b": 2}, "GAD_score": 10, "length": 166, "options": [3, 3, 3, 3, 3, 3, 3, 3, 3, 0, 2, 2, 2, 0, 0, 3, 3, 3, 2, 3, 2, 3, 2, 2, 2, 2, 2, 2, 2, 2, 2, 2, 2, 2, 2, 2, 2, 2, 3, 2, 2, 2, 2, 2, 2, 2, 2, 2, 2, 2, 2, 3, 2, 2, 2, 2, 2, 2, 2, 3, 2, 2, 2, 3, 2, 2, 2, 3, 2, 3, 2], "penalties": [0, 0, 0, 0, 0, 0, 0, 0, 250, 250, 0, 0, 0, 0, 0, 250, 0, 0, 50, 0, 50, 0, 50, 50, 0, 0, 0, 0, 0, 50, 50, 0, 50, 50, 50, 50, 50, 50, 0, 0, 50, 0, 50, 0, 50, 0, 50, 50, 50, 50, 50, 0, 0, 0, 50, 0, 50, 50, 50, 0, 0, 50, 50, 0, 0, 50, 50, 0, 50, 0, 0], "rewards": [50, 50, 50, 50, 50, 50, 50, 50, 50, 100, 50, 50, 50, 100, 100, 50, 50, 50, 50, 50, 50, 50, 50, 50, 50, 50, 50, 50, 50, 50, 50, 50, 50, 50, 50, 50, 50, 50, 50, 50, 50, 50, 50, 50, 50, 50, 50, 50, 50, 50, 50, 50, 50, 50, 50, 50, 50, 50, 50, 50, 50, 50, 50, 50, 50, 50, 50, 50, 50, 50, 50], "pvl_likelihood": 98.41831602621161, "pvl_w": 0.0, "pvl_a": 0.0, "pvl_c": 0.00025, "pvl_shape": 0.0, "evpu_likelihood": 98.30093819794335, "evpu_w": 0.0, "evpu_a": 0.00025, "evpu_c": 0.0, "evpu_shape": 0.0, "vse_likelihood": 98.42689963951226, "vse_delta": 0.0, "vse_alpha": 0.0, "vse_phi": 0.0, "vse_c": 0.0, "vse_theta": 0.0, "wsls_likelihood": 41.77546090435207, "p_stay": 0.7368402385298403, "p_shift": 0.3124708032890334}