{"age": "18-25", "gender": "Female", "PANAS": {"\"Interested\"": 4, "\"Distressed\"": 3, "\"Excited\"": 3, "\"Upset\"": 2, "\"Strong\"": 3, "\"Guilty\"": 1, "\"Scared\"": 1, "\"Hostile\"": 1, "\"Enthusiastic\"": 3, "\"Proud\"": 4, "\"Irritable\"": 2, "\"Alert\"": 3, "\"Ashamed\"": 1, "\"Inspired\"": 2, "\"Nervous\"": 4, "\"Determined\"": 3, "\"Attentive\"": 3, "\"Jittery\"": 3, "\"Active\"": 3, "\"Afraid\"": 2}, "NA_score": 20, "PA_score": 31, "PHQ": {"\"Q0\"": 0, "\"Q1\"": 0, "\"Q2\"": 1, "\"Q3\"": 2, "\"Q0\"b": 0, "\"Q1\"b": 0, "\"Q2\"b": 0, "\"Q3\"b": 0}, "PHQ_score": 3, "GAD": {"\"Q0\"": 1, "\"Q1\"": 1, "\"Q2\"": 1, "\"Q3\"": 1, "\"Q0\"b": 0, "\"Q1\"b": 0, "\"Q2\"b": 0}, "GAD_score": 4, "length": 152, "options": [2, 1, 3, 2, 0, 1, 2, 3, 3, 0, 0, 2, 1, 3, 0, 2, 2, 1, 2, 3, 0, 1, 0, 2, 3, 0, 0, 2, 0, 1, 3, 1, 2, 1, 3, 2, 1, 3, 2, 1, 3, 1, 2, 0, 3, 0, 2, 1, 1, 3, 1, 3, 1, 3, 1, 3, 1, 3, 1, 3, 1, 3, 1, 3], "penalties": [50, 0, 0, 0, 250, 0, 50, 0, 0, 0, 0, 50, 0, 0, 250, 50, 0, 0, 0, 0, 0, 0, 250, 0, 0, 250, 250, 0, 250, 0, 0, 0, 0, 0, 0, 0, 0, 0, 0, 0, 0, 1250, 0, 0, 0, 250, 50, 0, 0, 0, 0, 0, 0, 0, 0, 0, 0, 0, 0, 0, 0, 0, 0, 0], "rewards": [50, 100, 50, 50, 100, 100, 50, 50, 50, 100, 100, 50, 100, 50, 100, 50, 50, 100, 50, 50, 100, 100, 100, 50, 50, 100, 100, 50, 100, 100, 50, 100, 50, 100, 50, 50, 100, 50, 50, 100, 50, 100, 50, 100, 50, 100, 50, 100, 100, 50, 100, 50, 100, 50, 100, 50, 100, 50, 100, 50, 100, 50, 100, 50], "pvl_likelihood": 88.722839111673, "pvl_w": 0.0, "pvl_a": 0.0, "pvl_c": 0.0, "pvl_shape": 0.0, "evpu_likelihood": 84.55170660654576, "evpu_w": 0.0051117781770907145, "evpu_a": 0.007935519961979914, "evpu_c": 0.16992532883021882, "evpu_shape": 0.4551118869251746, "vse_likelihood": 88.72249577883596, "vse_delta": 0.0, "vse_alpha": 0.0, "vse_phi": 0.0, "vse_c": 0.00025, "vse_theta": 0.0, "wsls_likelihood": 19.51966805946492, "p_stay": 0.07997662145644313, "p_shift": 0.8461560997646302}