{"age": "18-25", "gender": "Male", "PANAS": {"\"Interested\"": 4, "\"Distressed\"": 2, "\"Excited\"": 4, "\"Upset\"": 1, "\"Strong\"": 5, "\"Guilty\"": 1, "\"Scared\"": 1, "\"Hostile\"": 1, "\"Enthusiastic\"": 4, "\"Proud\"": 3, "\"Irritable\"": 3, "\"Alert\"": 3, "\"Ashamed\"": 1, "\"Inspired\"": 5, "\"Nervous\"": 1, "\"Determined\"": 4, "\"Attentive\"": 4, "\"Jittery\"": 1, "\"Active\"": 5, "\"Afraid\"": 2}, "NA_score": 14, "PA_score": 41, "PHQ": {"\"Q0\"": 1, "\"Q1\"": 0, "\"Q2\"": 0, "\"Q3\"": 0, "\"Q0\"b": 0, "\"Q1\"b": 0, "\"Q2\"b": 0, "\"Q3\"b": 0}, "PHQ_score": 1, "GAD": {"\"Q0\"": 0, "\"Q1\"": 0, "\"Q2\"": 1, "\"Q3\"": 0, "\"Q0\"b": 0, "\"Q1\"b": 0, "\"Q2\"b": 0}, "GAD_score": 1, "length": 67, "options": [0, 2, 2, 2, 3, 1, 1, 1, 1, 1, 1, 1, 1, 1, 1, 1, 1, 1, 1, 1, 1], "penalties": [250, 50, 0, 50, 0, 0, 0, 0, 0, 0, 0, 0, 0, 0, 0, 0, 0, 0, 0, 0, 0], "rewards": [100, 50, 50, 50, 50, 100, 100, 100, 100, 100, 100, 100, 100, 100, 100, 100, 100, 100, 100, 100, 100], "pvl_likelihood": 9.563093010700351, "pvl_w": 1.4558928917675953e-06, "pvl_a": 0.19570042023111467, "pvl_c": 0.6372871122629207, "pvl_shape": 0.2804440290547414, "evpu_likelihood": 7.005886369929527, "evpu_w": 0.04401528069092897, "evpu_a": 5.128802055408335e-06, "evpu_c": 3.8649204809007878, "evpu_shape": 4.999988173389985, "vse_likelihood": 9.121303278713937, "vse_delta": 0.4779095772523605, "vse_alpha": 0.20820804264884696, "vse_phi": -0.40991908473395966, "vse_c": 0.5548371545538817, "vse_theta": 0.2553679881627554, "wsls_likelihood": 5.712749813076799, "p_stay": 0.9411746213407539, "p_shift": 0.6667130906186367}