{"age": "18-25", "gender": "Female", "PANAS": {"\"Interested\"": 3, "\"Distressed\"": 2, "\"Excited\"": 3, "\"Upset\"": 3, "\"Strong\"": 3, "\"Guilty\"": 1, "\"Scared\"": 2, "\"Hostile\"": 1, "\"Enthusiastic\"": 4, "\"Proud\"": 4, "\"Irritable\"": 3, "\"Alert\"": 3, "\"Ashamed\"": 2, "\"Inspired\"": 3, "\"Nervous\"": 4, "\"Determined\"": 4, "\"Attentive\"": 4, "\"Jittery\"": 2, "\"Active\"": 1, "\"Afraid\"": 2}, "NA_score": 22, "PA_score": 32, "PHQ": {"\"Q0\"": 1, "\"Q1\"": 1, "\"Q2\"": 1, "\"Q3\"": 1, "\"Q0\"b": 0, "\"Q1\"b": 0, "\"Q2\"b": 2, "\"Q3\"b": 0}, "PHQ_score": 6, "GAD": {"\"Q0\"": 0, "\"Q1\"": 0, "\"Q2\"": 1, "\"Q3\"": 1, "\"Q0\"b": 0, "\"Q1\"b": 1, "\"Q2\"b": 0}, "GAD_score": 3, "length": 64, "options": [2, 0, 1, 3, 0, 1, 1, 1, 1, 2, 1, 1, 3, 1, 0, 0, 0, 0, 1, 1], "penalties": [50, 0, 0, 0, 250, 0, 0, 0, 0, 0, 0, 0, 0, 0, 0, 0, 0, 0, 0, 0], "rewards": [50, 100, 100, 50, 100, 100, 100, 100, 100, 50, 100, 100, 50, 100, 100, 100, 100, 100, 100, 100], "pvl_likelihood": 24.64502556145907, "pvl_w": 0.7469671043733115, "pvl_a": 0.6507518154984897, "pvl_c": 0.0337373651742353, "pvl_shape": 0.6451780156543707, "evpu_likelihood": 24.783628177837663, "evpu_w": 1.2877522640775993e-07, "evpu_a": 0.001404766944056749, "evpu_c": 4.999930501114768, "evpu_shape": 3.500480328750937, "vse_likelihood": 24.396706819141553, "vse_delta": 0.00011149104351616298, "vse_alpha": 0.06655268659573813, "vse_phi": -0.05465868562785693, "vse_c": 0.7358667548227917, "vse_theta": 3.3099351435858194e-09, "wsls_likelihood": 12.874569834595254, "p_stay": 0.4374829485569505, "p_shift": 0.6666905043889593}