{"age": "25-34", "gender": "Male", "PANAS": {"\"Interested\"": 4, "\"Distressed\"": 2, "\"Excited\"": 3, "\"Upset\"": 1, "\"Strong\"": 4, "\"Guilty\"": 3, "\"Scared\"": 1, "\"Hostile\"": 1, "\"Enthusiastic\"": 4, "\"Proud\"": 4, "\"Irritable\"": 1, "\"Alert\"": 2, "\"Ashamed\"": 2, "\"Inspired\"": 3, "\"Nervous\"": 2, "\"Determined\"": 4, "\"Attentive\"": 4, "\"Jittery\"": 2, "\"Active\"": 5, "\"Afraid\"": 2}, "NA_score": 17, "PA_score": 37, "PHQ": {"\"Q0\"": 2, "\"Q1\"": 1, "\"Q2\"": 0, "\"Q3\"": 0, "\"Q0\"b": 2, "\"Q1\"b": 1, "\"Q2\"b": 0, "\"Q3\"b": 1}, "PHQ_score": 7, "GAD": {"\"Q0\"": 0, "\"Q1\"": 0, "\"Q2\"": 1, "\"Q3\"": 1, "\"Q0\"b": 0, "\"Q1\"b": 0, "\"Q2\"b": 0}, "GAD_score": 2, "length": 71, "options": [2, 0, 1, 1, 3, 2, 1, 1, 0, 1, 1, 1, 1, 1, 2, 1, 1, 1, 1, 1, 1, 1, 1], "penalties": [0, 250, 0, 0, 0, 50, 0, 0, 250, 0, 0, 0, 0, 0, 50, 0, 0, 0, 0, 0, 0, 0, 0], "rewards": [50, 100, 100, 100, 50, 50, 100, 100, 100, 100, 100, 100, 100, 100, 50, 100, 100, 100, 100, 100, 100, 100, 100], "pvl_likelihood": 18.053541273845028, "pvl_w": 1.1668058180551055, "pvl_a": 0.7589428704495536, "pvl_c": 0.00821802638736108, "pvl_shape": 0.9999950217219618, "evpu_likelihood": 18.00787054595512, "evpu_w": 0.22605763952092195, "evpu_a": 0.012999439259444398, "evpu_c": 0.9984956161824097, "evpu_shape": 1.1757841025514533, "vse_likelihood": 17.667174287740366, "vse_delta": 0.9999953355412398, "vse_alpha": 0.10947521038098965, "vse_phi": 0.38371859343894227, "vse_c": 0.09291451182315924, "vse_theta": 0.2885067202449968, "wsls_likelihood": 12.80056962706629, "p_stay": 0.7058705062722057, "p_shift": 0.8000302515209669}