{"age": "18-25", "gender": "Male", "PANAS": {"\"Interested\"": 4, "\"Distressed\"": 1, "\"Excited\"": 4, "\"Upset\"": 3, "\"Strong\"": 4, "\"Guilty\"": 2, "\"Scared\"": 4, "\"Hostile\"": 3, "\"Enthusiastic\"": 3, "\"Proud\"": 4, "\"Irritable\"": 2, "\"Alert\"": 5, "\"Ashamed\"": 3, "\"Inspired\"": 4, "\"Nervous\"": 4, "\"Determined\"": 4, "\"Attentive\"": 4, "\"Jittery\"": 4, "\"Active\"": 3, "\"Afraid\"": 3}, "NA_score": 29, "PA_score": 39, "PHQ": {"\"Q0\"": 1, "\"Q1\"": 0, "\"Q2\"": 0, "\"Q3\"": 1, "\"Q0\"b": 0, "\"Q1\"b": 0, "\"Q2\"b": 2, "\"Q3\"b": 0}, "PHQ_score": 4, "GAD": {"\"Q0\"": 1, "\"Q1\"": 1, "\"Q2\"": 2, "\"Q3\"": 0, "\"Q0\"b": 0, "\"Q1\"b": 0, "\"Q2\"b": 1}, "GAD_score": 5, "length": 324, "options": [0, 3, 1, 2, 0, 0, 2, 1, 3, 0, 2, 0, 3, 1, 3, 0, 3, 1, 0, 3, 3, 0, 1, 0, 1, 0, 1, 0, 1, 0, 1, 0, 1, 1, 1, 2, 3, 1, 0, 1, 0, 1, 1, 0, 1, 1, 1, 0, 1, 2, 2, 1, 1, 1, 3, 1, 1, 1, 1, 1, 1, 1, 1, 1, 1, 1, 1, 1, 1, 1, 1, 1, 1, 1, 3, 3, 3, 1, 3, 1, 3, 1, 3, 1, 3, 1, 3, 1, 3, 1, 3, 1, 3, 1, 3, 1, 3, 1, 3, 1, 3, 1, 3, 1, 3, 1, 3, 1, 1, 1, 2, 2, 2, 2, 1, 1, 1, 1, 3, 1, 2, 0, 1, 3, 0, 2, 1, 1, 1, 1, 0, 1, 0, 1, 1, 1, 0, 1, 1, 1, 3, 3, 3, 1, 1, 1, 3, 3, 3, 3], "penalties": [0, 0, 0, 50, 0, 250, 50, 0, 0, 0, 50, 0, 0, 0, 0, 0, 0, 1250, 0, 0, 250, 0, 0, 0, 0, 0, 0, 0, 0, 250, 0, 250, 0, 0, 1250, 50, 0, 0, 0, 0, 250, 0, 0, 250, 0, 0, 0, 250, 1250, 0, 50, 0, 0, 0, 250, 0, 1250, 0, 0, 0, 0, 0, 0, 0, 0, 0, 0, 0, 0, 1250, 0, 1250, 1250, 1250, 0, 0, 0, 0, 0, 0, 0, 0, 0, 0, 0, 0, 0, 0, 0, 0, 0, 0, 250, 0, 0, 0, 0, 0, 0, 0, 0, 0, 0, 0, 0, 1250, 0, 0, 0, 0, 50, 0, 0, 50, 0, 0, 0, 0, 0, 0, 50, 0, 0, 0, 250, 50, 0, 0, 1250, 0, 0, 0, 250, 0, 0, 0, 250, 0, 0, 0, 0, 0, 0, 0, 0, 1250, 0, 0, 250, 0], "rewards": [100, 50, 100, 50, 100, 100, 50, 100, 50, 100, 50, 100, 50, 100, 50, 100, 50, 100, 100, 50, 50, 100, 100, 100, 100, 100, 100, 100, 100, 100, 100, 100, 100, 100, 100, 50, 50, 100, 100, 100, 100, 100, 100, 100, 100, 100, 100, 100, 100, 50, 50, 100, 100, 100, 50, 100, 100, 100, 100, 100, 100, 100, 100, 100, 100, 100, 100, 100, 100, 100, 100, 100, 100, 100, 50, 50, 50, 100, 50, 100, 50, 100, 50, 100, 50, 100, 50, 100, 50, 100, 50, 100, 50, 100, 50, 100, 50, 100, 50, 100, 50, 100, 50, 100, 50, 100, 50, 100, 100, 100, 50, 50, 50, 50, 100, 100, 100, 100, 50, 100, 50, 100, 100, 50, 100, 50, 100, 100, 100, 100, 100, 100, 100, 100, 100, 100, 100, 100, 100, 100, 50, 50, 50, 100, 100, 100, 50, 50, 50, 50], "pvl_likelihood": 196.55898845577235, "pvl_w": 1.4280582859180254e-07, "pvl_a": 0.16370719093838026, "pvl_c": 0.3869028210141525, "pvl_shape": 0.1465131431782748, "evpu_likelihood": 161.89701374644153, "evpu_w": 6.285440116678009e-08, "evpu_a": 0.3111095625783459, "evpu_c": -0.07327338403501116, "evpu_shape": 0.15000382559828632, "vse_likelihood": 159.46195635946856, "vse_delta": 0.8806313196007203, "vse_alpha": 0.2866342232319727, "vse_phi": 0.549238920751841, "vse_c": 0.21674133339439455, "vse_theta": 0.1464012320557033, "wsls_likelihood": 93.8490570500803, "p_stay": 0.3931815886368891, "p_shift": 0.812489689204063}