{"age": "18-25", "gender": "Male", "PANAS": {"\"Interested\"": 2, "\"Distressed\"": 3, "\"Excited\"": 4, "\"Upset\"": 4, "\"Strong\"": 3, "\"Guilty\"": 1, "\"Scared\"": 3, "\"Hostile\"": 3, "\"Enthusiastic\"": 1, "\"Proud\"": 2, "\"Irritable\"": 4, "\"Alert\"": 4, "\"Ashamed\"": 3, "\"Inspired\"": 3, "\"Nervous\"": 5, "\"Determined\"": 3, "\"Attentive\"": 4, "\"Jittery\"": 2, "\"Active\"": 2, "\"Afraid\"": 4}, "NA_score": 32, "PA_score": 28, "PHQ": {"\"Q0\"": 2, "\"Q1\"": 1, "\"Q2\"": 2, "\"Q3\"": 1, "\"Q0\"b": 1, "\"Q1\"b": 2, "\"Q2\"b": 2, "\"Q3\"b": 0}, "PHQ_score": 11, "GAD": {"\"Q0\"": 2, "\"Q1\"": 0, "\"Q2\"": 2, "\"Q3\"": 1, "\"Q0\"b": 1, "\"Q1\"b": 2, "\"Q2\"b": 2}, "GAD_score": 10, "length": 324, "options": [0, 3, 1, 3, 2, 1, 1, 1, 0, 0, 3, 3, 2, 1, 2, 3, 3, 3, 0, 2, 3, 1, 3, 1, 2, 1, 3, 0, 1, 1, 1, 3, 3, 1, 1, 1, 3, 3, 2, 0, 1, 3, 3, 3, 2, 1, 1, 1, 1, 0, 3, 1, 2, 1, 1, 1, 1, 1, 1, 3, 0, 1, 1, 1, 0, 1, 1, 1, 0, 1, 0, 1, 3, 1, 1, 1, 0, 2, 3, 3, 1, 1, 2, 1, 1, 1, 1, 1, 1, 1, 1, 1, 0, 3, 3, 3, 2, 3, 3, 0, 3, 3, 3, 3, 1, 0, 1, 1, 3, 3, 3, 3, 3, 1, 3, 1, 2, 0, 3, 3, 3, 3, 1, 3, 3, 1, 0, 3, 1, 2, 3, 2, 3, 2, 1, 2, 1, 2, 3, 3, 2, 1, 3, 2, 3, 3, 3, 2, 2, 3], "penalties": [250, 0, 1250, 250, 50, 0, 0, 1250, 0, 250, 0, 0, 0, 0, 0, 0, 0, 0, 250, 50, 250, 0, 0, 0, 50, 0, 0, 250, 0, 0, 0, 0, 0, 0, 0, 1250, 0, 0, 50, 250, 0, 0, 250, 0, 50, 0, 0, 0, 0, 0, 0, 0, 50, 0, 0, 0, 0, 0, 0, 0, 0, 0, 0, 0, 0, 0, 0, 0, 0, 0, 250, 0, 0, 0, 0, 0, 250, 0, 0, 250, 0, 0, 50, 0, 0, 0, 0, 0, 0, 0, 0, 1250, 250, 0, 0, 0, 50, 0, 0, 250, 0, 250, 0, 250, 0, 250, 0, 0, 0, 0, 0, 0, 0, 0, 250, 1250, 50, 250, 0, 0, 0, 0, 0, 0, 0, 0, 250, 0, 0, 50, 0, 50, 0, 50, 0, 50, 0, 0, 0, 0, 0, 0, 0, 0, 0, 0, 0, 0, 0, 0], "rewards": [100, 50, 100, 50, 50, 100, 100, 100, 100, 100, 50, 50, 50, 100, 50, 50, 50, 50, 100, 50, 50, 100, 50, 100, 50, 100, 50, 100, 100, 100, 100, 50, 50, 100, 100, 100, 50, 50, 50, 100, 100, 50, 50, 50, 50, 100, 100, 100, 100, 100, 50, 100, 50, 100, 100, 100, 100, 100, 100, 50, 100, 100, 100, 100, 100, 100, 100, 100, 100, 100, 100, 100, 50, 100, 100, 100, 100, 50, 50, 50, 100, 100, 50, 100, 100, 100, 100, 100, 100, 100, 100, 100, 100, 50, 50, 50, 50, 50, 50, 100, 50, 50, 50, 50, 100, 100, 100, 100, 50, 50, 50, 50, 50, 100, 50, 100, 50, 100, 50, 50, 50, 50, 100, 50, 50, 100, 100, 50, 100, 50, 50, 50, 50, 50, 100, 50, 100, 50, 50, 50, 50, 100, 50, 50, 50, 50, 50, 50, 50, 50], "pvl_likelihood": 174.7144837184834, "pvl_w": 1.3266705613465661, "pvl_a": 0.8262493889574004, "pvl_c": 0.3658834414903114, "pvl_shape": 0.007851314865276281, "evpu_likelihood": 175.54021312844054, "evpu_w": 0.10723259342064832, "evpu_a": 0.8813546143747913, "evpu_c": 0.12088073576030514, "evpu_shape": 0.1673965043026036, "vse_likelihood": 176.8402473473108, "vse_delta": 0.7519159393607325, "vse_alpha": 0.05314887000055617, "vse_phi": 2.938793760399288, "vse_c": 0.19269159244430317, "vse_theta": 0.2733357802777799, "wsls_likelihood": 85.41297079074229, "p_stay": 0.4999746605521062, "p_shift": 0.9459242915152553}