{"age": "25-34", "gender": "Female", "PANAS": {"\"Interested\"": 2, "\"Distressed\"": 5, "\"Excited\"": 1, "\"Upset\"": 4, "\"Strong\"": 2, "\"Guilty\"": 2, "\"Scared\"": 4, "\"Hostile\"": 2, "\"Enthusiastic\"": 1, "\"Proud\"": 2, "\"Irritable\"": 3, "\"Alert\"": 5, "\"Ashamed\"": 1, "\"Inspired\"": 2, "\"Nervous\"": 5, "\"Determined\"": 2, "\"Attentive\"": 4, "\"Jittery\"": 4, "\"Active\"": 2, "\"Afraid\"": 4}, "NA_score": 34, "PA_score": 23, "PHQ": {"\"Q0\"": 1, "\"Q1\"": 3, "\"Q2\"": 2, "\"Q3\"": 2, "\"Q0\"b": 1, "\"Q1\"b": 2, "\"Q2\"b": 1, "\"Q3\"b": 0}, "PHQ_score": 12, "GAD": {"\"Q0\"": 3, "\"Q1\"": 2, "\"Q2\"": 3, "\"Q3\"": 2, "\"Q0\"b": 2, "\"Q1\"b": 1, "\"Q2\"b": 2}, "GAD_score": 15, "length": 116, "options": [2, 3, 2, 3, 3, 3, 0, 1, 1, 1, 1, 1, 1, 3, 1, 1, 1, 2, 2, 2, 3, 3, 0, 0, 0, 1, 1, 1, 0, 3, 3, 3, 3, 3, 3, 1, 1, 1, 1, 1, 2, 1, 1, 1, 1, 1], "penalties": [0, 250, 50, 0, 0, 0, 250, 0, 0, 0, 0, 0, 0, 0, 0, 0, 1250, 0, 0, 50, 0, 0, 0, 0, 0, 0, 0, 0, 250, 0, 0, 0, 0, 0, 0, 0, 0, 0, 0, 0, 50, 0, 0, 0, 0, 0], "rewards": [50, 50, 50, 50, 50, 50, 100, 100, 100, 100, 100, 100, 100, 50, 100, 100, 100, 50, 50, 50, 50, 50, 100, 100, 100, 100, 100, 100, 100, 50, 50, 50, 50, 50, 50, 100, 100, 100, 100, 100, 50, 100, 100, 100, 100, 100], "pvl_likelihood": 40.974328853218594, "pvl_w": 0.13358349192406452, "pvl_a": 2.370726449595453e-07, "pvl_c": 0.5232164003049736, "pvl_shape": 0.2534511496087737, "evpu_likelihood": 52.43941829673068, "evpu_w": 2.2733035121206155, "evpu_a": 0.9999999787491788, "evpu_c": 0.13948621173991352, "evpu_shape": 0.05085471739892352, "vse_likelihood": 40.617257918296986, "vse_delta": 0.11242195044311067, "vse_alpha": 0.015739876468191243, "vse_phi": -0.175229813646598, "vse_c": 0.4730417848191528, "vse_theta": 0.26830112377437776, "wsls_likelihood": 20.801674538585807, "p_stay": 0.7632100690697583, "p_shift": 0.9999999359374807}