{"age": "18-25", "gender": "Female", "PANAS": {"\"Interested\"": 2, "\"Distressed\"": 4, "\"Excited\"": 1, "\"Upset\"": 3, "\"Strong\"": 4, "\"Guilty\"": 1, "\"Scared\"": 3, "\"Hostile\"": 3, "\"Enthusiastic\"": 1, "\"Proud\"": 2, "\"Irritable\"": 3, "\"Alert\"": 5, "\"Ashamed\"": 2, "\"Inspired\"": 1, "\"Nervous\"": 4, "\"Determined\"": 2, "\"Attentive\"": 2, "\"Jittery\"": 5, "\"Active\"": 4, "\"Afraid\"": 3}, "NA_score": 31, "PA_score": 24, "PHQ": {"\"Q0\"": 2, "\"Q1\"": 1, "\"Q2\"": 1, "\"Q3\"": 3, "\"Q0\"b": 3, "\"Q1\"b": 0, "\"Q2\"b": 3, "\"Q3\"b": 0}, "PHQ_score": 13, "GAD": {"\"Q0\"": 2, "\"Q1\"": 3, "\"Q2\"": 2, "\"Q3\"": 3, "\"Q0\"b": 2, "\"Q1\"b": 1, "\"Q2\"b": 2}, "GAD_score": 15, "length": 324, "options": [0, 2, 1, 1, 1, 1, 1, 1, 1, 3, 3, 1, 1, 1, 3, 3, 1, 1, 1, 3, 3, 1, 1, 1, 3, 3, 1, 1, 0, 2, 2, 2, 1, 1, 3, 1, 3, 1, 1, 3, 2, 3, 1, 2, 2, 2, 3, 1, 0, 0, 3, 1, 1, 1, 1, 3, 3, 3, 1, 1, 1, 2, 2, 2, 1, 3, 1, 3, 1, 3, 2, 1, 1, 1, 3, 3, 3, 2, 2, 1, 1, 1, 3, 3, 3, 2, 1, 1, 1, 3, 3, 3, 0, 1, 1, 1, 1, 1, 1, 1, 3, 3, 3, 1, 1, 1, 3, 3, 3, 1, 1, 2, 2, 2, 2, 3, 3, 2, 1, 1, 2, 2, 2, 2, 1, 1, 1, 1, 3, 3, 3, 2, 2, 2, 2, 2, 1, 1, 1, 1, 3, 3, 3, 2, 2, 2, 2, 2, 2, 2], "penalties": [250, 50, 0, 0, 0, 1250, 0, 0, 0, 0, 0, 0, 0, 0, 0, 0, 0, 0, 0, 0, 0, 0, 0, 0, 0, 250, 0, 1250, 250, 0, 0, 50, 0, 0, 0, 0, 0, 1250, 0, 0, 50, 0, 0, 0, 0, 50, 0, 1250, 0, 250, 0, 1250, 0, 0, 0, 0, 0, 0, 0, 0, 0, 0, 0, 0, 0, 0, 0, 0, 0, 0, 50, 0, 0, 0, 0, 0, 0, 0, 50, 0, 0, 0, 0, 0, 0, 50, 0, 0, 0, 0, 0, 0, 250, 0, 0, 1250, 0, 0, 0, 0, 0, 0, 0, 0, 0, 0, 0, 0, 0, 0, 0, 50, 0, 50, 0, 0, 0, 50, 0, 0, 0, 50, 50, 50, 1250, 0, 0, 0, 0, 0, 0, 0, 0, 0, 50, 50, 0, 0, 0, 0, 0, 0, 0, 0, 50, 0, 0, 0, 50, 0], "rewards": [100, 50, 100, 100, 100, 100, 100, 100, 100, 50, 50, 100, 100, 100, 50, 50, 100, 100, 100, 50, 50, 100, 100, 100, 50, 50, 100, 100, 100, 50, 50, 50, 100, 100, 50, 100, 50, 100, 100, 50, 50, 50, 100, 50, 50, 50, 50, 100, 100, 100, 50, 100, 100, 100, 100, 50, 50, 50, 100, 100, 100, 50, 50, 50, 100, 50, 100, 50, 100, 50, 50, 100, 100, 100, 50, 50, 50, 50, 50, 100, 100, 100, 50, 50, 50, 50, 100, 100, 100, 50, 50, 50, 100, 100, 100, 100, 100, 100, 100, 100, 50, 50, 50, 100, 100, 100, 50, 50, 50, 100, 100, 50, 50, 50, 50, 50, 50, 50, 100, 100, 50, 50, 50, 50, 100, 100, 100, 100, 50, 50, 50, 50, 50, 50, 50, 50, 100, 100, 100, 100, 50, 50, 50, 50, 50, 50, 50, 50, 50, 50], "pvl_likelihood": 170.94884696205858, "pvl_w": 0.13559465006834043, "pvl_a": 3.7743558930412486e-07, "pvl_c": 0.7965612564974917, "pvl_shape": 0.02961793234100663, "evpu_likelihood": 175.90809970238922, "evpu_w": 0.00010680593032542818, "evpu_a": 0.8660227495483591, "evpu_c": -0.2865945162956312, "evpu_shape": 8.005588111277829e-10, "vse_likelihood": 168.2428285581326, "vse_delta": 0.2810361147444983, "vse_alpha": 0.1246038914891689, "vse_phi": -1.1907101947031857, "vse_c": 0.563546500562577, "vse_theta": 3.3412313317580374e-06, "wsls_likelihood": 98.615361583935, "p_stay": 0.6281048752203585, "p_shift": 0.6071633155830876}