{"PVL_w": {"actual": 3.7367403478183117, "estimate": 4.6588793672099056e-09}, "PVL_a": {"actual": 0.9683461239593104, "estimate": 0.7223452768853285}, "PVL_c": {"actual": 0.7069001853511481, "estimate": 0.5058866722980626}, "EVPU_w": {"actual": 0.5906550782885596, "estimate": 0.0}, "EVPU_a": {"actual": 0.011132883220484707, "estimate": 0.0}, "EVPU_c": {"actual": -1.6163737681107775, "estimate": 0.0}, "VSE_alpha": {"actual": 4.9101950862484915e-08, "estimate": 0.012122633462909788}, "VSE_delta": {"actual": 0.588696351511208, "estimate": 0.008346826320476541}, "VSE_phi": {"actual": -1.3111723136488713, "estimate": -7.497111259070454}, "VSE_c": {"actual": 1.4586241879927608, "estimate": 0.5530697303919263}}