{"PVL_w": {"actual": 2.293203549432838e-07, "estimate": 5.983114747279008e-08}, "PVL_a": {"actual": 0.07076495299412977, "estimate": 0.83172373886227}, "PVL_c": {"actual": 0.5137054054701272, "estimate": 0.3166648644467861}, "EVPU_w": {"actual": 4.999923540319564, "estimate": 0.00016973162203787453}, "EVPU_a": {"actual": 5.958256450142992e-05, "estimate": 4.530874017826389e-06}, "EVPU_c": {"actual": -1.3792285743385018, "estimate": -0.00010405312244962699}, "VSE_alpha": {"actual": 5.6707494707526685e-08, "estimate": 0.020134222447232758}, "VSE_delta": {"actual": 0.0998120806894302, "estimate": 0.6615737207557086}, "VSE_phi": {"actual": -0.27395379066591, "estimate": -1.207546011209378}, "VSE_c": {"actual": 0.5571614976993924, "estimate": 0.5975956348132483}}