{"PVL_w": {"actual": 8.094727340411857e-09, "estimate": 7.2181231686822655e-09}, "PVL_a": {"actual": 0.03990028882450268, "estimate": 0.7974518977627115}, "PVL_c": {"actual": 0.2287488113136697, "estimate": 0.4000963335816552}, "EVPU_w": {"actual": 6.6530669963202225e-06, "estimate": 0.0}, "EVPU_a": {"actual": 0.008167517835623375, "estimate": 0.0}, "EVPU_c": {"actual": -0.6485181536726966, "estimate": 0.0}, "VSE_alpha": {"actual": 2.9595174127360976e-08, "estimate": 0.010393552343071776}, "VSE_delta": {"actual": 0.0520691509415227, "estimate": 0.3862092948722351}, "VSE_phi": {"actual": -0.26952634279288024, "estimate": -7.581512732574047}, "VSE_c": {"actual": 0.405470807486858, "estimate": 0.5352215896562063}}