{"PVL_w": {"actual": 2.5074031255715827e-05, "estimate": 8.638210432283938e-07}, "PVL_a": {"actual": 0.00010578670962507422, "estimate": 0.02673673465069158}, "PVL_c": {"actual": 1.7826622707454631, "estimate": 1.8503087004032412}, "EVPU_w": {"actual": 4.2545601601878476e-07, "estimate": 0.20889058266325378}, "EVPU_a": {"actual": 0.010134057517746955, "estimate": 0.9999998463607256}, "EVPU_c": {"actual": -1.063824334972547, "estimate": -0.012160174685186735}, "VSE_alpha": {"actual": 0.43162158747797674, "estimate": 0.9999997043326978}, "VSE_delta": {"actual": 1.741070795917168e-07, "estimate": 0.5429967780886306}, "VSE_phi": {"actual": -0.5517288099405154, "estimate": -0.265111261680294}, "VSE_c": {"actual": 0.977795791613544, "estimate": 0.8055813070998363}}