{"PVL_w": {"actual": 4.2857171856432714e-07, "estimate": 3.838632531787097e-07}, "PVL_a": {"actual": 0.18409140826476844, "estimate": 0.18934654795670638}, "PVL_c": {"actual": 1.1546711422831324, "estimate": 1.1593657859285895}, "EVPU_w": {"actual": 0.002565822357382071, "estimate": 2.6068158029000037e-05}, "EVPU_a": {"actual": 0.03601613991708637, "estimate": 0.0003063049788548501}, "EVPU_c": {"actual": -1.0322195145541064, "estimate": -1.8259770000086223e-05}, "VSE_alpha": {"actual": 0.22781184084946182, "estimate": 0.7720445086931988}, "VSE_delta": {"actual": 8.108095187822207e-09, "estimate": 0.20505794300462615}, "VSE_phi": {"actual": -0.6856209408973164, "estimate": -0.03683154073119817}, "VSE_c": {"actual": 0.971013764278715, "estimate": 0.9589695150263866}}