{"PVL_w": {"actual": 0.0, "estimate": 0.220565637537794}, "PVL_a": {"actual": 0.0, "estimate": 0.4682585289349102}, "PVL_c": {"actual": 0.0, "estimate": 0.6594357010900497}, "EVPU_w": {"actual": 3.6427429626039147e-08, "estimate": 0.0}, "EVPU_a": {"actual": 0.008816240732938616, "estimate": 0.0}, "EVPU_c": {"actual": -0.8271053740701517, "estimate": 0.0}, "VSE_alpha": {"actual": 0.0, "estimate": 0.023800900408054493}, "VSE_delta": {"actual": 0.0, "estimate": 0.5183550686227781}, "VSE_phi": {"actual": 0.0, "estimate": -0.9813578223105439}, "VSE_c": {"actual": 0.0, "estimate": 0.6105717753752691}}