{"PVL_w": {"actual": 0.2985356679553024, "estimate": 1.683387063855488e-09}, "PVL_a": {"actual": 0.48091212488906887, "estimate": 0.1119276847852822}, "PVL_c": {"actual": 0.7325914124315396, "estimate": 0.7417636536176078}, "EVPU_w": {"actual": 4.999992354047288, "estimate": 0.0}, "EVPU_a": {"actual": 0.08585915644087666, "estimate": 0.0}, "EVPU_c": {"actual": 0.48282324193659754, "estimate": 0.0}, "VSE_alpha": {"actual": 1.1238893689423768e-08, "estimate": 0.03645487786136971}, "VSE_delta": {"actual": 0.0027101997092708473, "estimate": 0.3237954371989692}, "VSE_phi": {"actual": -0.5842859160570266, "estimate": -0.9208167387138251}, "VSE_c": {"actual": 1.0090918399376985, "estimate": 0.9229021170094651}}