{"PVL_w": {"actual": 0.041441741179109606, "estimate": 0.16294444256634347}, "PVL_a": {"actual": 0.19214175974164927, "estimate": 0.7378255048200973}, "PVL_c": {"actual": 0.8394303390921374, "estimate": 0.4557590920334353}, "EVPU_w": {"actual": 2.477786196265788e-09, "estimate": 0.00015498982861681388}, "EVPU_a": {"actual": 0.01062753942426084, "estimate": 5.914981637988535e-05}, "EVPU_c": {"actual": -1.3902697978354386, "estimate": -7.202649347116059e-05}, "VSE_alpha": {"actual": 0.00027909283334141393, "estimate": 0.8531645806132515}, "VSE_delta": {"actual": 0.9999999593251667, "estimate": 0.6092429021521129}, "VSE_phi": {"actual": -1.7605846753427874, "estimate": -0.8774823324434364}, "VSE_c": {"actual": 0.33041623879241355, "estimate": 0.43736984344322627}}