{"PVL_w": {"actual": 0.0, "estimate": 0.20198984485770966}, "PVL_a": {"actual": 0.0, "estimate": 0.73969307472678}, "PVL_c": {"actual": 0.0, "estimate": 0.4707380719608477}, "EVPU_w": {"actual": 0.17403400320562362, "estimate": 1.1998672558512669e-08}, "EVPU_a": {"actual": 6.304885302167045e-05, "estimate": 0.048429559245916215}, "EVPU_c": {"actual": -2.84986894227913, "estimate": -0.02093656722535734}, "VSE_alpha": {"actual": 0.0, "estimate": 0.13561184932696588}, "VSE_delta": {"actual": 0.0, "estimate": 0.4368163385535958}, "VSE_phi": {"actual": 0.0, "estimate": -0.8406691154477208}, "VSE_c": {"actual": 0.0, "estimate": 0.5689834697837188}}