{"PVL_w": {"actual": 0.20174031038833848, "estimate": 1.2103900017822442e-08}, "PVL_a": {"actual": 0.4127364558809135, "estimate": 0.7829643121388279}, "PVL_c": {"actual": 1.7129447089401992, "estimate": 0.43633388075224167}, "EVPU_w": {"actual": 0.2961347715633589, "estimate": 0.0}, "EVPU_a": {"actual": 0.893468040069938, "estimate": 0.0}, "EVPU_c": {"actual": -1.2595307962666973, "estimate": 0.0}, "VSE_alpha": {"actual": 2.3326762287725956e-07, "estimate": 0.021684547260661415}, "VSE_delta": {"actual": 0.48455434154646965, "estimate": 0.5485995787156919}, "VSE_phi": {"actual": -1.3857347575889067, "estimate": -1.037401785313626}, "VSE_c": {"actual": 1.341305320694612, "estimate": 0.7982891832494514}}