{"PVL_w": {"actual": 0.8645139839653826, "estimate": 9.130620077878488e-09}, "PVL_a": {"actual": 0.6518252177966262, "estimate": 0.7140136225348601}, "PVL_c": {"actual": 0.7670593421328253, "estimate": 0.48975881775586116}, "EVPU_w": {"actual": 2.035540779141292e-08, "estimate": 0.0}, "EVPU_a": {"actual": 0.008086397714468844, "estimate": 0.0}, "EVPU_c": {"actual": -1.0828900904698486, "estimate": 0.0}, "VSE_alpha": {"actual": 0.22921393689560626, "estimate": 0.019672867575122727}, "VSE_delta": {"actual": 1.2822589779804895e-08, "estimate": 0.28066549017729614}, "VSE_phi": {"actual": -0.32484408368293527, "estimate": -0.9278556093963549}, "VSE_c": {"actual": 0.6438998462060314, "estimate": 0.9027373538643402}}