{"PVL_w": {"actual": 1.1168568060202875, "estimate": 0.1867508730681472}, "PVL_a": {"actual": 0.8325182659430964, "estimate": 0.5374577625756878}, "PVL_c": {"actual": 0.3200474367966922, "estimate": 0.6812560921942394}, "EVPU_w": {"actual": 3.0124999999767166, "estimate": 0.0}, "EVPU_a": {"actual": 1.1641532182693482e-13, "estimate": 0.0}, "EVPU_c": {"actual": 3.0124999999767166, "estimate": 0.0}, "VSE_alpha": {"actual": 7.728497671005201e-08, "estimate": 0.015363831197560861}, "VSE_delta": {"actual": 0.34453128312986947, "estimate": 0.3823284731589606}, "VSE_phi": {"actual": -0.7310516788019736, "estimate": -1.0083136679053042}, "VSE_c": {"actual": 0.6214571134861764, "estimate": 0.8729412146486164}}