{"PVL_w": {"actual": 2.5301870005478255, "estimate": 0.14183602256847105}, "PVL_a": {"actual": 0.7991189210524996, "estimate": 0.7221529550942105}, "PVL_c": {"actual": 0.4860237811959284, "estimate": 0.5140769707598576}, "EVPU_w": {"actual": 4.999990821599641, "estimate": 0.006926643181057067}, "EVPU_a": {"actual": 0.32185733360384905, "estimate": 0.9999997537333508}, "EVPU_c": {"actual": 0.3684774009466648, "estimate": 0.09104048252069358}, "VSE_alpha": {"actual": 6.836785814000276e-08, "estimate": 0.1813306557565158}, "VSE_delta": {"actual": 0.561000390503924, "estimate": 0.364057121072483}, "VSE_phi": {"actual": -1.0442730135828366, "estimate": -0.5821489907267514}, "VSE_c": {"actual": 0.8374021407831873, "estimate": 0.6847869878337708}}