{"PVL_w": {"actual": 0.0, "estimate": 1.3910386141939426e-08}, "PVL_a": {"actual": 0.0, "estimate": 0.7848664838011763}, "PVL_c": {"actual": 0.0, "estimate": 0.42659607312771763}, "EVPU_w": {"actual": 4.997994189890722, "estimate": 0.0}, "EVPU_a": {"actual": 3.47468156742985e-05, "estimate": 0.0}, "EVPU_c": {"actual": -2.0667362980680775, "estimate": 0.0}, "VSE_alpha": {"actual": 0.0, "estimate": 0.02306386087728187}, "VSE_delta": {"actual": 0.0, "estimate": 0.34032204159711105}, "VSE_phi": {"actual": 0.0, "estimate": -0.8656452119477208}, "VSE_c": {"actual": 0.0, "estimate": 0.8710534330949515}}