{"PVL_w": {"actual": 0.20564019666901306, "estimate": 4.1467766736233814e-09}, "PVL_a": {"actual": 0.9999983232387091, "estimate": 0.7540814456441591}, "PVL_c": {"actual": 0.45349864525884376, "estimate": 0.4800199619809185}, "EVPU_w": {"actual": 1.609472206221974, "estimate": 0.0}, "EVPU_a": {"actual": 0.011603530848172915, "estimate": 0.0}, "EVPU_c": {"actual": -1.7224893829237926, "estimate": 0.0}, "VSE_alpha": {"actual": 0.03359451097694061, "estimate": 0.020624004810735178}, "VSE_delta": {"actual": 0.42711505954929363, "estimate": 0.32191336090375944}, "VSE_phi": {"actual": -1.2192064450165288, "estimate": -1.207398327321973}, "VSE_c": {"actual": 1.2190196024203699, "estimate": 0.8800214006647006}}