{"PVL_w": {"actual": 0.43896921467438654, "estimate": 4.6059964123677986e-08}, "PVL_a": {"actual": 0.6947064356564032, "estimate": 0.854132107004268}, "PVL_c": {"actual": 4.851513920273284, "estimate": 0.3052950992346032}, "EVPU_w": {"actual": 1.1968301278743683, "estimate": 2.644298378749099}, "EVPU_a": {"actual": 0.015972709585794234, "estimate": 7.258293273183165e-08}, "EVPU_c": {"actual": -3.86170420972395, "estimate": -2.9389858302907754}, "VSE_alpha": {"actual": 0.9999985712737438, "estimate": 0.02254457719512391}, "VSE_delta": {"actual": 0.44984721442846853, "estimate": 0.6896318595844051}, "VSE_phi": {"actual": -0.5553486813863581, "estimate": -0.9962242742251426}, "VSE_c": {"actual": 1.2921683181825325, "estimate": 0.6091342994846031}}