{"PVL_w": {"actual": 0.0, "estimate": 1.597929495173532e-08}, "PVL_a": {"actual": 0.0, "estimate": 0.762545815664886}, "PVL_c": {"actual": 0.0, "estimate": 0.4749288004689215}, "EVPU_w": {"actual": 4.999997157619131, "estimate": 0.0}, "EVPU_a": {"actual": 0.010242707032899007, "estimate": 0.0}, "EVPU_c": {"actual": 0.1478560473191008, "estimate": 0.0}, "VSE_alpha": {"actual": 1.926208055914821e-08, "estimate": 0.0241859641279999}, "VSE_delta": {"actual": 5.89380900449156e-05, "estimate": 0.4795614542186729}, "VSE_phi": {"actual": -0.10002501488486946, "estimate": -0.9089661603872847}, "VSE_c": {"actual": 0.14510764160087508, "estimate": 0.8068482371968442}}