{"PVL_w": {"actual": 4.999993816857344, "estimate": 1.8483453252788747e-09}, "PVL_a": {"actual": 0.7245944377880371, "estimate": 0.6844749995837832}, "PVL_c": {"actual": 0.8604665664520164, "estimate": 0.46282254803370304}, "EVPU_w": {"actual": 0.536960682160891, "estimate": 0.0}, "EVPU_a": {"actual": 0.9999998997787571, "estimate": 0.0}, "EVPU_c": {"actual": -0.4157967101117763, "estimate": 0.0}, "VSE_alpha": {"actual": 0.9933981767401645, "estimate": 0.01482831970175916}, "VSE_delta": {"actual": 2.3615389528565858e-07, "estimate": 5.540122705869272e-06}, "VSE_phi": {"actual": -0.15255166522841943, "estimate": -2.1450594635865956}, "VSE_c": {"actual": 1.182417155454499, "estimate": 0.8531262404549416}}