{"PVL_w": {"actual": 0.05145846942033318, "estimate": 0.15142245020314063}, "PVL_a": {"actual": 0.23895695556261023, "estimate": 0.6952561478847021}, "PVL_c": {"actual": 1.0452748353539683, "estimate": 0.4919161337972473}, "EVPU_w": {"actual": 1.1127027280465244e-07, "estimate": 0.00023821253025466856}, "EVPU_a": {"actual": 0.010191676029470152, "estimate": 8.193595129429013e-05}, "EVPU_c": {"actual": -1.076252666215088, "estimate": -0.00018062110874658157}, "VSE_alpha": {"actual": 0.5984872835444829, "estimate": 0.05431313104516591}, "VSE_delta": {"actual": 0.13275105472705634, "estimate": 0.49405945601323187}, "VSE_phi": {"actual": -0.4154245715953423, "estimate": -0.9367967386852347}, "VSE_c": {"actual": 0.8937045957043224, "estimate": 0.6451110184725537}}