{"PVL_w": {"actual": 2.400646576961652e-08, "estimate": 5.616920477293068e-08}, "PVL_a": {"actual": 0.19694830413240666, "estimate": 0.7210872590318291}, "PVL_c": {"actual": 0.9627864278876008, "estimate": 0.487017926415937}, "EVPU_w": {"actual": 4.9999991767537, "estimate": 0.0}, "EVPU_a": {"actual": 0.011673702831563236, "estimate": 0.0}, "EVPU_c": {"actual": 0.15359003844235847, "estimate": 0.0}, "VSE_alpha": {"actual": 0.08291800145661765, "estimate": 0.010075768977345556}, "VSE_delta": {"actual": 2.31602398142998e-06, "estimate": 0.2819089847292509}, "VSE_phi": {"actual": -0.8311926978349032, "estimate": -6.839650799568172}, "VSE_c": {"actual": 0.9957288939431203, "estimate": 0.5766399316836972}}