{"PVL_w": {"actual": 1.4939577998175209, "estimate": 1.783815992929369e-08}, "PVL_a": {"actual": 0.6941952429686, "estimate": 0.7055649947233429}, "PVL_c": {"actual": 0.6358865617430451, "estimate": 0.4958260630356261}, "EVPU_w": {"actual": 4.999978495980095, "estimate": 0.0}, "EVPU_a": {"actual": 0.9999999009140759, "estimate": 0.0}, "EVPU_c": {"actual": 0.39162933511149794, "estimate": 0.0}, "VSE_alpha": {"actual": 2.1054941903783596e-08, "estimate": 0.014521182572083886}, "VSE_delta": {"actual": 0.4473138874485513, "estimate": 8.529535512327884e-06}, "VSE_phi": {"actual": -1.0685728834999295, "estimate": -3.1773496386792144}, "VSE_c": {"actual": 0.7719023664201239, "estimate": 0.7641992233142101}}