{"PVL_w": {"actual": 0.04238594391669894, "estimate": 0.33534756369628616}, "PVL_a": {"actual": 0.19701328722022085, "estimate": 0.371898978668629}, "PVL_c": {"actual": 0.862214251783296, "estimate": 0.8544473782001483}, "EVPU_w": {"actual": 0.24250838467542557, "estimate": 0.0}, "EVPU_a": {"actual": 0.00016979936051541374, "estimate": 0.0}, "EVPU_c": {"actual": -2.6197911833271927, "estimate": 0.0}, "VSE_alpha": {"actual": 0.2723295234166839, "estimate": 0.018328807205565574}, "VSE_delta": {"actual": 2.0907547426598233e-08, "estimate": 0.3964830383247251}, "VSE_phi": {"actual": -0.34727243654147544, "estimate": -0.9566932856773591}, "VSE_c": {"actual": 0.7093490653644794, "estimate": 0.7894189449925308}}