{"PVL_w": {"actual": 3.4737429788710306, "estimate": 1.0421837289195474e-07}, "PVL_a": {"actual": 0.9999996033635161, "estimate": 0.2508353903312859}, "PVL_c": {"actual": 0.25529654052657474, "estimate": 0.8259261368342292}, "EVPU_w": {"actual": 4.999997740082351, "estimate": 0.0008903904195036625}, "EVPU_a": {"actual": 0.07228595412362258, "estimate": 0.9999999678364402}, "EVPU_c": {"actual": 0.023683634401497403, "estimate": 0.10284411945589175}, "VSE_alpha": {"actual": 8.186963918556911e-08, "estimate": 0.05130045837172384}, "VSE_delta": {"actual": 0.9530162382158729, "estimate": 0.3734028953861469}, "VSE_phi": {"actual": -2.008612180564098, "estimate": -0.9030050687557494}, "VSE_c": {"actual": 0.42807289072580096, "estimate": 0.6559256903675812}}