{"PVL_w": {"actual": 4.999975657062244, "estimate": 7.106730200410231e-09}, "PVL_a": {"actual": 0.381294743585953, "estimate": 0.47792694848336553}, "PVL_c": {"actual": 0.22100207915111644, "estimate": 0.5460598811744518}, "EVPU_w": {"actual": 2.182497126438759e-07, "estimate": 8.333333333329542e-05}, "EVPU_a": {"actual": 0.009549137818519488, "estimate": 1.1368683772161603e-16}, "EVPU_c": {"actual": -0.2096991123663397, "estimate": 8.333333333329542e-05}, "VSE_alpha": {"actual": 0.00041925500168826926, "estimate": 0.04795710273611838}, "VSE_delta": {"actual": 4.4011847911706444e-07, "estimate": 0.427540080896852}, "VSE_phi": {"actual": -0.1663414430557437, "estimate": -0.7656239286145141}, "VSE_c": {"actual": 0.2712912258321886, "estimate": 0.759553058732433}}