{"PVL_w": {"actual": 0.0, "estimate": 8.284583511754807e-08}, "PVL_a": {"actual": 0.0, "estimate": 0.5587794186894924}, "PVL_c": {"actual": 0.0, "estimate": 0.43057538894592795}, "EVPU_w": {"actual": 4.999995006375032, "estimate": 0.00012808641975303235}, "EVPU_a": {"actual": 6.891207028963274e-05, "estimate": 1.621090093437858e-16}, "EVPU_c": {"actual": -1.2394915773614608, "estimate": -2.0061728395115782e-05}, "VSE_alpha": {"actual": 0.0, "estimate": 0.04242070192307014}, "VSE_delta": {"actual": 0.0, "estimate": 0.5917282949583814}, "VSE_phi": {"actual": 0.0, "estimate": -1.0237410033330296}, "VSE_c": {"actual": 0.0, "estimate": 0.5713217773285348}}