{"PVL_w": {"actual": 1.1191837812452511e-07, "estimate": 0.11010525537766055}, "PVL_a": {"actual": 0.17477115348296862, "estimate": 0.37332795300513216}, "PVL_c": {"actual": 0.958408499650475, "estimate": 0.7136889857612866}, "EVPU_w": {"actual": 4.999999401199986, "estimate": 0.0}, "EVPU_a": {"actual": 6.36379490118626e-05, "estimate": 0.0}, "EVPU_c": {"actual": -1.133439737226541, "estimate": 0.0}, "VSE_alpha": {"actual": 0.7518027477793123, "estimate": 0.03781987424752523}, "VSE_delta": {"actual": 0.18287943119803185, "estimate": 0.5030771236646335}, "VSE_phi": {"actual": -0.3534457832823112, "estimate": -1.0075327830426302}, "VSE_c": {"actual": 0.861237611596898, "estimate": 0.9014970753349598}}