{"PVL_w": {"actual": 0.004313269914808854, "estimate": 8.909233610896141e-09}, "PVL_a": {"actual": 2.759460093960757e-07, "estimate": 0.39560334026072863}, "PVL_c": {"actual": 0.6284230521424385, "estimate": 0.6726732807250575}, "EVPU_w": {"actual": 3.0, "estimate": 0.0}, "EVPU_a": {"actual": 0.0, "estimate": 0.0}, "EVPU_c": {"actual": 3.0, "estimate": 0.0}, "VSE_alpha": {"actual": 0.17849893860814348, "estimate": 0.009720217611663428}, "VSE_delta": {"actual": 5.6392110696299485e-08, "estimate": 0.3813865711854436}, "VSE_phi": {"actual": -0.25235067231943714, "estimate": -7.982340729971204}, "VSE_c": {"actual": 0.4956880179351396, "estimate": 0.5222539118483424}}