{"PVL_w": {"actual": 2.1646980595004885, "estimate": 2.2543667442755506}, "PVL_a": {"actual": 0.5967397098098474, "estimate": 0.5725008041346897}, "PVL_c": {"actual": 0.6746468317454103, "estimate": 0.6673506823463164}, "EVPU_w": {"actual": 7.262158439070459e-08, "estimate": 0.00011002946983329278}, "EVPU_a": {"actual": 0.00926101056680093, "estimate": 0.0003647650727159353}, "EVPU_c": {"actual": 0.20180528257595742, "estimate": -0.0001517492090659275}, "VSE_alpha": {"actual": 1.7889156047300476e-08, "estimate": 0.5005533368773236}, "VSE_delta": {"actual": 0.3791127022296415, "estimate": 0.18415843170625423}, "VSE_phi": {"actual": -0.9996546664667867, "estimate": -0.7975540313932723}, "VSE_c": {"actual": 0.8645353180847339, "estimate": 0.8953954934329007}}