{"PVL_w": {"actual": 0.7568277320311481, "estimate": 7.571815840712666e-09}, "PVL_a": {"actual": 0.620535889078845, "estimate": 0.7415389617887826}, "PVL_c": {"actual": 0.44971117077130895, "estimate": 0.4703336321857235}, "EVPU_w": {"actual": 0.6729826925764691, "estimate": 0.0}, "EVPU_a": {"actual": 0.9158432237595051, "estimate": 0.0}, "EVPU_c": {"actual": 0.09090023006691275, "estimate": 0.0}, "VSE_alpha": {"actual": 0.028254843099833254, "estimate": 0.022026256370919404}, "VSE_delta": {"actual": 0.6317649924752582, "estimate": 0.5675821594468072}, "VSE_phi": {"actual": -1.0344174147594778, "estimate": -0.9948576461330999}, "VSE_c": {"actual": 0.4074215661857419, "estimate": 0.7439945539124644}}