{"PVL_w": {"actual": 4.999987085228304, "estimate": 0.17803734744698607}, "PVL_a": {"actual": 0.46406485720715923, "estimate": 0.6237891062482055}, "PVL_c": {"actual": 0.5440330797626719, "estimate": 0.4266117693665705}, "EVPU_w": {"actual": 4.999998821370524, "estimate": 0.0001525501035513846}, "EVPU_a": {"actual": 0.026825794076473404, "estimate": 8.813229226390138e-06}, "EVPU_c": {"actual": 0.5198792245232984, "estimate": -7.951235149786472e-05}, "VSE_alpha": {"actual": 5.889822409689898e-08, "estimate": 0.02088080270650782}, "VSE_delta": {"actual": 0.22744331607777246, "estimate": 0.36570385802677674}, "VSE_phi": {"actual": -0.6160961091762791, "estimate": -0.835404465123696}, "VSE_c": {"actual": 0.7720441643368219, "estimate": 0.8035465686559169}}