{"PVL_w": {"actual": 0.1673360956049214, "estimate": 2.9418753614779134e-07}, "PVL_a": {"actual": 0.7775635137237721, "estimate": 0.8386611832097042}, "PVL_c": {"actual": 3.4036445407098332, "estimate": 0.36091936441172434}, "EVPU_w": {"actual": 3.0, "estimate": 0.015358790527705564}, "EVPU_a": {"actual": 0.0, "estimate": 0.05112682011054162}, "EVPU_c": {"actual": 3.0, "estimate": -0.037910185764856594}, "VSE_alpha": {"actual": 0.0, "estimate": 0.049488514493251826}, "VSE_delta": {"actual": 0.0, "estimate": 0.5127069014063983}, "VSE_phi": {"actual": 0.0, "estimate": -0.8364960036496146}, "VSE_c": {"actual": 0.0, "estimate": 0.6348262338670128}}