{"PVL_w": {"actual": 0.0, "estimate": 0.8741834986276923}, "PVL_a": {"actual": 0.0, "estimate": 0.466196327504542}, "PVL_c": {"actual": 0.0, "estimate": 0.3568657746779142}, "EVPU_w": {"actual": 3.0499999998137355, "estimate": 0.12481716172596016}, "EVPU_a": {"actual": 9.313225746154785e-13, "estimate": 0.001161561590812085}, "EVPU_c": {"actual": 3.0499999998137355, "estimate": -0.1247854555271384}, "VSE_alpha": {"actual": 0.0, "estimate": 0.18438027638092247}, "VSE_delta": {"actual": 0.0, "estimate": 0.5388283351316433}, "VSE_phi": {"actual": 0.0, "estimate": -1.0500751698396928}, "VSE_c": {"actual": 0.0, "estimate": 0.48060080660893206}}